SQL> SELECT * FROM TEMPS_DIMENSION;

"ID_TEMPS","TEMPS_COMPLET","HEURE","MINUTE","SECONDE","CRENEAU_15_MIN","FORMAT_AM_PM","FLAG_HEURES_DE_POINTE","FLAG_AM_PM","FLAG_NUIT"
"3001","08:30:15",8,30,15,"08:30-08:45","AM",1,"AM",0
"3002","22:15:40",22,15,40,"22:15-22:30","PM",0,"PM",1
"448","07:28",7,28,0,"07:15-29","07:28 AM",1,"AM",0
"449","07:29",7,29,0,"07:15-29","07:29 AM",1,"AM",0
"450","07:30",7,30,0,"07:30-44","07:30 AM",1,"AM",0
"451","07:31",7,31,0,"07:30-44","07:31 AM",1,"AM",0
"452","07:32",7,32,0,"07:30-44","07:32 AM",1,"AM",0
"453","07:33",7,33,0,"07:30-44","07:33 AM",1,"AM",0
"454","07:34",7,34,0,"07:30-44","07:34 AM",1,"AM",0
"455","07:35",7,35,0,"07:30-44","07:35 AM",1,"AM",0
"456","07:36",7,36,0,"07:30-44","07:36 AM",1,"AM",0
"457","07:37",7,37,0,"07:30-44","07:37 AM",1,"AM",0
"458","07:38",7,38,0,"07:30-44","07:38 AM",1,"AM",0
"459","07:39",7,39,0,"07:30-44","07:39 AM",1,"AM",0
"460","07:40",7,40,0,"07:30-44","07:40 AM",1,"AM",0
"461","07:41",7,41,0,"07:30-44","07:41 AM",1,"AM",0
"462","07:42",7,42,0,"07:30-44","07:42 AM",1,"AM",0
"463","07:43",7,43,0,"07:30-44","07:43 AM",1,"AM",0
"464","07:44",7,44,0,"07:30-44","07:44 AM",1,"AM",0
"465","07:45",7,45,0,"07:45-59","07:45 AM",1,"AM",0
"466","07:46",7,46,0,"07:45-59","07:46 AM",1,"AM",0
"467","07:47",7,47,0,"07:45-59","07:47 AM",1,"AM",0
"468","07:48",7,48,0,"07:45-59","07:48 AM",1,"AM",0
"469","07:49",7,49,0,"07:45-59","07:49 AM",1,"AM",0
"470","07:50",7,50,0,"07:45-59","07:50 AM",1,"AM",0
"471","07:51",7,51,0,"07:45-59","07:51 AM",1,"AM",0
"472","07:52",7,52,0,"07:45-59","07:52 AM",1,"AM",0
"473","07:53",7,53,0,"07:45-59","07:53 AM",1,"AM",0
"474","07:54",7,54,0,"07:45-59","07:54 AM",1,"AM",0
"475","07:55",7,55,0,"07:45-59","07:55 AM",1,"AM",0
"476","07:56",7,56,0,"07:45-59","07:56 AM",1,"AM",0
"477","07:57",7,57,0,"07:45-59","07:57 AM",1,"AM",0
"478","07:58",7,58,0,"07:45-59","07:58 AM",1,"AM",0
"479","07:59",7,59,0,"07:45-59","07:59 AM",1,"AM",0
"480","08:00",8,0,0,"08:00-14","08:00 AM",1,"AM",0
"481","08:01",8,1,0,"08:00-14","08:01 AM",1,"AM",0
"482","08:02",8,2,0,"08:00-14","08:02 AM",1,"AM",0
"483","08:03",8,3,0,"08:00-14","08:03 AM",1,"AM",0
"484","08:04",8,4,0,"08:00-14","08:04 AM",1,"AM",0
"485","08:05",8,5,0,"08:00-14","08:05 AM",1,"AM",0
"486","08:06",8,6,0,"08:00-14","08:06 AM",1,"AM",0
"487","08:07",8,7,0,"08:00-14","08:07 AM",1,"AM",0
"488","08:08",8,8,0,"08:00-14","08:08 AM",1,"AM",0
"489","08:09",8,9,0,"08:00-14","08:09 AM",1,"AM",0
"490","08:10",8,10,0,"08:00-14","08:10 AM",1,"AM",0
"491","08:11",8,11,0,"08:00-14","08:11 AM",1,"AM",0
"492","08:12",8,12,0,"08:00-14","08:12 AM",1,"AM",0
"493","08:13",8,13,0,"08:00-14","08:13 AM",1,"AM",0
"494","08:14",8,14,0,"08:00-14","08:14 AM",1,"AM",0
"495","08:15",8,15,0,"08:15-29","08:15 AM",1,"AM",0
"496","08:16",8,16,0,"08:15-29","08:16 AM",1,"AM",0
"497","08:17",8,17,0,"08:15-29","08:17 AM",1,"AM",0
"498","08:18",8,18,0,"08:15-29","08:18 AM",1,"AM",0
"499","08:19",8,19,0,"08:15-29","08:19 AM",1,"AM",0
"500","08:20",8,20,0,"08:15-29","08:20 AM",1,"AM",0
"501","08:21",8,21,0,"08:15-29","08:21 AM",1,"AM",0
"502","08:22",8,22,0,"08:15-29","08:22 AM",1,"AM",0
"503","08:23",8,23,0,"08:15-29","08:23 AM",1,"AM",0
"504","08:24",8,24,0,"08:15-29","08:24 AM",1,"AM",0
"505","08:25",8,25,0,"08:15-29","08:25 AM",1,"AM",0
"506","08:26",8,26,0,"08:15-29","08:26 AM",1,"AM",0
"507","08:27",8,27,0,"08:15-29","08:27 AM",1,"AM",0
"508","08:28",8,28,0,"08:15-29","08:28 AM",1,"AM",0
"509","08:29",8,29,0,"08:15-29","08:29 AM",1,"AM",0
"510","08:30",8,30,0,"08:30-44","08:30 AM",1,"AM",0
"511","08:31",8,31,0,"08:30-44","08:31 AM",1,"AM",0
"512","08:32",8,32,0,"08:30-44","08:32 AM",1,"AM",0
"513","08:33",8,33,0,"08:30-44","08:33 AM",1,"AM",0
"514","08:34",8,34,0,"08:30-44","08:34 AM",1,"AM",0
"515","08:35",8,35,0,"08:30-44","08:35 AM",1,"AM",0
"516","08:36",8,36,0,"08:30-44","08:36 AM",1,"AM",0
"517","08:37",8,37,0,"08:30-44","08:37 AM",1,"AM",0
"518","08:38",8,38,0,"08:30-44","08:38 AM",1,"AM",0
"519","08:39",8,39,0,"08:30-44","08:39 AM",1,"AM",0
"520","08:40",8,40,0,"08:30-44","08:40 AM",1,"AM",0
"521","08:41",8,41,0,"08:30-44","08:41 AM",1,"AM",0
"522","08:42",8,42,0,"08:30-44","08:42 AM",1,"AM",0
"523","08:43",8,43,0,"08:30-44","08:43 AM",1,"AM",0
"524","08:44",8,44,0,"08:30-44","08:44 AM",1,"AM",0
"525","08:45",8,45,0,"08:45-59","08:45 AM",1,"AM",0
"526","08:46",8,46,0,"08:45-59","08:46 AM",1,"AM",0
"527","08:47",8,47,0,"08:45-59","08:47 AM",1,"AM",0
"528","08:48",8,48,0,"08:45-59","08:48 AM",1,"AM",0
"529","08:49",8,49,0,"08:45-59","08:49 AM",1,"AM",0
"530","08:50",8,50,0,"08:45-59","08:50 AM",1,"AM",0
"531","08:51",8,51,0,"08:45-59","08:51 AM",1,"AM",0
"532","08:52",8,52,0,"08:45-59","08:52 AM",1,"AM",0
"533","08:53",8,53,0,"08:45-59","08:53 AM",1,"AM",0
"534","08:54",8,54,0,"08:45-59","08:54 AM",1,"AM",0
"535","08:55",8,55,0,"08:45-59","08:55 AM",1,"AM",0
"536","08:56",8,56,0,"08:45-59","08:56 AM",1,"AM",0
"537","08:57",8,57,0,"08:45-59","08:57 AM",1,"AM",0
"538","08:58",8,58,0,"08:45-59","08:58 AM",1,"AM",0
"539","08:59",8,59,0,"08:45-59","08:59 AM",1,"AM",0
"540","09:00",9,0,0,"09:00-14","09:00 AM",1,"AM",0
"541","09:01",9,1,0,"09:00-14","09:01 AM",1,"AM",0
"542","09:02",9,2,0,"09:00-14","09:02 AM",1,"AM",0
"543","09:03",9,3,0,"09:00-14","09:03 AM",1,"AM",0
"544","09:04",9,4,0,"09:00-14","09:04 AM",1,"AM",0
"545","09:05",9,5,0,"09:00-14","09:05 AM",1,"AM",0
"546","09:06",9,6,0,"09:00-14","09:06 AM",1,"AM",0
"547","09:07",9,7,0,"09:00-14","09:07 AM",1,"AM",0
"548","09:08",9,8,0,"09:00-14","09:08 AM",1,"AM",0
"549","09:09",9,9,0,"09:00-14","09:09 AM",1,"AM",0
"550","09:10",9,10,0,"09:00-14","09:10 AM",1,"AM",0
"551","09:11",9,11,0,"09:00-14","09:11 AM",1,"AM",0
"552","09:12",9,12,0,"09:00-14","09:12 AM",1,"AM",0
"553","09:13",9,13,0,"09:00-14","09:13 AM",1,"AM",0
"554","09:14",9,14,0,"09:00-14","09:14 AM",1,"AM",0
"555","09:15",9,15,0,"09:15-29","09:15 AM",1,"AM",0
"556","09:16",9,16,0,"09:15-29","09:16 AM",1,"AM",0
"557","09:17",9,17,0,"09:15-29","09:17 AM",1,"AM",0
"558","09:18",9,18,0,"09:15-29","09:18 AM",1,"AM",0
"559","09:19",9,19,0,"09:15-29","09:19 AM",1,"AM",0
"560","09:20",9,20,0,"09:15-29","09:20 AM",1,"AM",0
"561","09:21",9,21,0,"09:15-29","09:21 AM",1,"AM",0
"562","09:22",9,22,0,"09:15-29","09:22 AM",1,"AM",0
"563","09:23",9,23,0,"09:15-29","09:23 AM",1,"AM",0
"564","09:24",9,24,0,"09:15-29","09:24 AM",1,"AM",0
"565","09:25",9,25,0,"09:15-29","09:25 AM",1,"AM",0
"566","09:26",9,26,0,"09:15-29","09:26 AM",1,"AM",0
"567","09:27",9,27,0,"09:15-29","09:27 AM",1,"AM",0
"568","09:28",9,28,0,"09:15-29","09:28 AM",1,"AM",0
"569","09:29",9,29,0,"09:15-29","09:29 AM",1,"AM",0
"570","09:30",9,30,0,"09:30-44","09:30 AM",1,"AM",0
"571","09:31",9,31,0,"09:30-44","09:31 AM",1,"AM",0
"572","09:32",9,32,0,"09:30-44","09:32 AM",1,"AM",0
"573","09:33",9,33,0,"09:30-44","09:33 AM",1,"AM",0
"574","09:34",9,34,0,"09:30-44","09:34 AM",1,"AM",0
"575","09:35",9,35,0,"09:30-44","09:35 AM",1,"AM",0
"576","09:36",9,36,0,"09:30-44","09:36 AM",1,"AM",0
"577","09:37",9,37,0,"09:30-44","09:37 AM",1,"AM",0
"578","09:38",9,38,0,"09:30-44","09:38 AM",1,"AM",0
"579","09:39",9,39,0,"09:30-44","09:39 AM",1,"AM",0
"580","09:40",9,40,0,"09:30-44","09:40 AM",1,"AM",0
"581","09:41",9,41,0,"09:30-44","09:41 AM",1,"AM",0
"582","09:42",9,42,0,"09:30-44","09:42 AM",1,"AM",0
"583","09:43",9,43,0,"09:30-44","09:43 AM",1,"AM",0
"584","09:44",9,44,0,"09:30-44","09:44 AM",1,"AM",0
"585","09:45",9,45,0,"09:45-59","09:45 AM",1,"AM",0
"586","09:46",9,46,0,"09:45-59","09:46 AM",1,"AM",0
"587","09:47",9,47,0,"09:45-59","09:47 AM",1,"AM",0
"588","09:48",9,48,0,"09:45-59","09:48 AM",1,"AM",0
"589","09:49",9,49,0,"09:45-59","09:49 AM",1,"AM",0
"590","09:50",9,50,0,"09:45-59","09:50 AM",1,"AM",0
"591","09:51",9,51,0,"09:45-59","09:51 AM",1,"AM",0
"592","09:52",9,52,0,"09:45-59","09:52 AM",1,"AM",0
"593","09:53",9,53,0,"09:45-59","09:53 AM",1,"AM",0
"594","09:54",9,54,0,"09:45-59","09:54 AM",1,"AM",0
"595","09:55",9,55,0,"09:45-59","09:55 AM",1,"AM",0
"596","09:56",9,56,0,"09:45-59","09:56 AM",1,"AM",0
"597","09:57",9,57,0,"09:45-59","09:57 AM",1,"AM",0
"598","09:58",9,58,0,"09:45-59","09:58 AM",1,"AM",0
"599","09:59",9,59,0,"09:45-59","09:59 AM",1,"AM",0
"600","10:00",10,0,0,"10:00-14","10:00 AM",0,"AM",0
"601","10:01",10,1,0,"10:00-14","10:01 AM",0,"AM",0
"602","10:02",10,2,0,"10:00-14","10:02 AM",0,"AM",0
"603","10:03",10,3,0,"10:00-14","10:03 AM",0,"AM",0
"604","10:04",10,4,0,"10:00-14","10:04 AM",0,"AM",0
"605","10:05",10,5,0,"10:00-14","10:05 AM",0,"AM",0
"606","10:06",10,6,0,"10:00-14","10:06 AM",0,"AM",0
"607","10:07",10,7,0,"10:00-14","10:07 AM",0,"AM",0
"608","10:08",10,8,0,"10:00-14","10:08 AM",0,"AM",0
"609","10:09",10,9,0,"10:00-14","10:09 AM",0,"AM",0
"610","10:10",10,10,0,"10:00-14","10:10 AM",0,"AM",0
"611","10:11",10,11,0,"10:00-14","10:11 AM",0,"AM",0
"612","10:12",10,12,0,"10:00-14","10:12 AM",0,"AM",0
"613","10:13",10,13,0,"10:00-14","10:13 AM",0,"AM",0
"614","10:14",10,14,0,"10:00-14","10:14 AM",0,"AM",0
"615","10:15",10,15,0,"10:15-29","10:15 AM",0,"AM",0
"616","10:16",10,16,0,"10:15-29","10:16 AM",0,"AM",0
"617","10:17",10,17,0,"10:15-29","10:17 AM",0,"AM",0
"618","10:18",10,18,0,"10:15-29","10:18 AM",0,"AM",0
"619","10:19",10,19,0,"10:15-29","10:19 AM",0,"AM",0
"620","10:20",10,20,0,"10:15-29","10:20 AM",0,"AM",0
"621","10:21",10,21,0,"10:15-29","10:21 AM",0,"AM",0
"622","10:22",10,22,0,"10:15-29","10:22 AM",0,"AM",0
"623","10:23",10,23,0,"10:15-29","10:23 AM",0,"AM",0
"624","10:24",10,24,0,"10:15-29","10:24 AM",0,"AM",0
"625","10:25",10,25,0,"10:15-29","10:25 AM",0,"AM",0
"626","10:26",10,26,0,"10:15-29","10:26 AM",0,"AM",0
"627","10:27",10,27,0,"10:15-29","10:27 AM",0,"AM",0
"628","10:28",10,28,0,"10:15-29","10:28 AM",0,"AM",0
"629","10:29",10,29,0,"10:15-29","10:29 AM",0,"AM",0
"630","10:30",10,30,0,"10:30-44","10:30 AM",0,"AM",0
"631","10:31",10,31,0,"10:30-44","10:31 AM",0,"AM",0
"632","10:32",10,32,0,"10:30-44","10:32 AM",0,"AM",0
"633","10:33",10,33,0,"10:30-44","10:33 AM",0,"AM",0
"634","10:34",10,34,0,"10:30-44","10:34 AM",0,"AM",0
"635","10:35",10,35,0,"10:30-44","10:35 AM",0,"AM",0
"636","10:36",10,36,0,"10:30-44","10:36 AM",0,"AM",0
"637","10:37",10,37,0,"10:30-44","10:37 AM",0,"AM",0
"638","10:38",10,38,0,"10:30-44","10:38 AM",0,"AM",0
"639","10:39",10,39,0,"10:30-44","10:39 AM",0,"AM",0
"640","10:40",10,40,0,"10:30-44","10:40 AM",0,"AM",0
"641","10:41",10,41,0,"10:30-44","10:41 AM",0,"AM",0
"642","10:42",10,42,0,"10:30-44","10:42 AM",0,"AM",0
"643","10:43",10,43,0,"10:30-44","10:43 AM",0,"AM",0
"644","10:44",10,44,0,"10:30-44","10:44 AM",0,"AM",0
"645","10:45",10,45,0,"10:45-59","10:45 AM",0,"AM",0
"646","10:46",10,46,0,"10:45-59","10:46 AM",0,"AM",0
"647","10:47",10,47,0,"10:45-59","10:47 AM",0,"AM",0
"648","10:48",10,48,0,"10:45-59","10:48 AM",0,"AM",0
"649","10:49",10,49,0,"10:45-59","10:49 AM",0,"AM",0
"650","10:50",10,50,0,"10:45-59","10:50 AM",0,"AM",0
"651","10:51",10,51,0,"10:45-59","10:51 AM",0,"AM",0
"652","10:52",10,52,0,"10:45-59","10:52 AM",0,"AM",0
"653","10:53",10,53,0,"10:45-59","10:53 AM",0,"AM",0
"654","10:54",10,54,0,"10:45-59","10:54 AM",0,"AM",0
"655","10:55",10,55,0,"10:45-59","10:55 AM",0,"AM",0
"656","10:56",10,56,0,"10:45-59","10:56 AM",0,"AM",0
"657","10:57",10,57,0,"10:45-59","10:57 AM",0,"AM",0
"658","10:58",10,58,0,"10:45-59","10:58 AM",0,"AM",0
"659","10:59",10,59,0,"10:45-59","10:59 AM",0,"AM",0
"660","11:00",11,0,0,"11:00-14","11:00 AM",0,"AM",0
"661","11:01",11,1,0,"11:00-14","11:01 AM",0,"AM",0
"662","11:02",11,2,0,"11:00-14","11:02 AM",0,"AM",0
"663","11:03",11,3,0,"11:00-14","11:03 AM",0,"AM",0
"664","11:04",11,4,0,"11:00-14","11:04 AM",0,"AM",0
"665","11:05",11,5,0,"11:00-14","11:05 AM",0,"AM",0
"666","11:06",11,6,0,"11:00-14","11:06 AM",0,"AM",0
"667","11:07",11,7,0,"11:00-14","11:07 AM",0,"AM",0
"668","11:08",11,8,0,"11:00-14","11:08 AM",0,"AM",0
"669","11:09",11,9,0,"11:00-14","11:09 AM",0,"AM",0
"670","11:10",11,10,0,"11:00-14","11:10 AM",0,"AM",0
"671","11:11",11,11,0,"11:00-14","11:11 AM",0,"AM",0
"672","11:12",11,12,0,"11:00-14","11:12 AM",0,"AM",0
"673","11:13",11,13,0,"11:00-14","11:13 AM",0,"AM",0
"674","11:14",11,14,0,"11:00-14","11:14 AM",0,"AM",0
"675","11:15",11,15,0,"11:15-29","11:15 AM",0,"AM",0
"676","11:16",11,16,0,"11:15-29","11:16 AM",0,"AM",0
"677","11:17",11,17,0,"11:15-29","11:17 AM",0,"AM",0
"678","11:18",11,18,0,"11:15-29","11:18 AM",0,"AM",0
"679","11:19",11,19,0,"11:15-29","11:19 AM",0,"AM",0
"680","11:20",11,20,0,"11:15-29","11:20 AM",0,"AM",0
"681","11:21",11,21,0,"11:15-29","11:21 AM",0,"AM",0
"682","11:22",11,22,0,"11:15-29","11:22 AM",0,"AM",0
"683","11:23",11,23,0,"11:15-29","11:23 AM",0,"AM",0
"684","11:24",11,24,0,"11:15-29","11:24 AM",0,"AM",0
"685","11:25",11,25,0,"11:15-29","11:25 AM",0,"AM",0
"686","11:26",11,26,0,"11:15-29","11:26 AM",0,"AM",0
"687","11:27",11,27,0,"11:15-29","11:27 AM",0,"AM",0
"688","11:28",11,28,0,"11:15-29","11:28 AM",0,"AM",0
"689","11:29",11,29,0,"11:15-29","11:29 AM",0,"AM",0
"690","11:30",11,30,0,"11:30-44","11:30 AM",0,"AM",0
"691","11:31",11,31,0,"11:30-44","11:31 AM",0,"AM",0
"692","11:32",11,32,0,"11:30-44","11:32 AM",0,"AM",0
"693","11:33",11,33,0,"11:30-44","11:33 AM",0,"AM",0
"694","11:34",11,34,0,"11:30-44","11:34 AM",0,"AM",0
"695","11:35",11,35,0,"11:30-44","11:35 AM",0,"AM",0
"696","11:36",11,36,0,"11:30-44","11:36 AM",0,"AM",0
"697","11:37",11,37,0,"11:30-44","11:37 AM",0,"AM",0
"698","11:38",11,38,0,"11:30-44","11:38 AM",0,"AM",0
"699","11:39",11,39,0,"11:30-44","11:39 AM",0,"AM",0
"700","11:40",11,40,0,"11:30-44","11:40 AM",0,"AM",0
"701","11:41",11,41,0,"11:30-44","11:41 AM",0,"AM",0
"702","11:42",11,42,0,"11:30-44","11:42 AM",0,"AM",0
"703","11:43",11,43,0,"11:30-44","11:43 AM",0,"AM",0
"704","11:44",11,44,0,"11:30-44","11:44 AM",0,"AM",0
"705","11:45",11,45,0,"11:45-59","11:45 AM",0,"AM",0
"706","11:46",11,46,0,"11:45-59","11:46 AM",0,"AM",0
"707","11:47",11,47,0,"11:45-59","11:47 AM",0,"AM",0
"708","11:48",11,48,0,"11:45-59","11:48 AM",0,"AM",0
"709","11:49",11,49,0,"11:45-59","11:49 AM",0,"AM",0
"710","11:50",11,50,0,"11:45-59","11:50 AM",0,"AM",0
"711","11:51",11,51,0,"11:45-59","11:51 AM",0,"AM",0
"712","11:52",11,52,0,"11:45-59","11:52 AM",0,"AM",0
"713","11:53",11,53,0,"11:45-59","11:53 AM",0,"AM",0
"714","11:54",11,54,0,"11:45-59","11:54 AM",0,"AM",0
"715","11:55",11,55,0,"11:45-59","11:55 AM",0,"AM",0
"716","11:56",11,56,0,"11:45-59","11:56 AM",0,"AM",0
"717","11:57",11,57,0,"11:45-59","11:57 AM",0,"AM",0
"718","11:58",11,58,0,"11:45-59","11:58 AM",0,"AM",0
"719","11:59",11,59,0,"11:45-59","11:59 AM",0,"AM",0
"720","12:00",12,0,0,"12:00-14","12:00 PM",0,"PM",0
"721","12:01",12,1,0,"12:00-14","12:01 PM",0,"PM",0
"722","12:02",12,2,0,"12:00-14","12:02 PM",0,"PM",0
"723","12:03",12,3,0,"12:00-14","12:03 PM",0,"PM",0
"724","12:04",12,4,0,"12:00-14","12:04 PM",0,"PM",0
"725","12:05",12,5,0,"12:00-14","12:05 PM",0,"PM",0
"726","12:06",12,6,0,"12:00-14","12:06 PM",0,"PM",0
"727","12:07",12,7,0,"12:00-14","12:07 PM",0,"PM",0
"728","12:08",12,8,0,"12:00-14","12:08 PM",0,"PM",0
"729","12:09",12,9,0,"12:00-14","12:09 PM",0,"PM",0
"730","12:10",12,10,0,"12:00-14","12:10 PM",0,"PM",0
"731","12:11",12,11,0,"12:00-14","12:11 PM",0,"PM",0
"732","12:12",12,12,0,"12:00-14","12:12 PM",0,"PM",0
"733","12:13",12,13,0,"12:00-14","12:13 PM",0,"PM",0
"734","12:14",12,14,0,"12:00-14","12:14 PM",0,"PM",0
"735","12:15",12,15,0,"12:15-29","12:15 PM",0,"PM",0
"736","12:16",12,16,0,"12:15-29","12:16 PM",0,"PM",0
"737","12:17",12,17,0,"12:15-29","12:17 PM",0,"PM",0
"738","12:18",12,18,0,"12:15-29","12:18 PM",0,"PM",0
"739","12:19",12,19,0,"12:15-29","12:19 PM",0,"PM",0
"740","12:20",12,20,0,"12:15-29","12:20 PM",0,"PM",0
"741","12:21",12,21,0,"12:15-29","12:21 PM",0,"PM",0
"742","12:22",12,22,0,"12:15-29","12:22 PM",0,"PM",0
"743","12:23",12,23,0,"12:15-29","12:23 PM",0,"PM",0
"744","12:24",12,24,0,"12:15-29","12:24 PM",0,"PM",0
"0","00:00",0,0,0,"00:00-14","12:00 AM",0,"AM",1
"1","00:01",0,1,0,"00:00-14","12:01 AM",0,"AM",1
"2","00:02",0,2,0,"00:00-14","12:02 AM",0,"AM",1
"3","00:03",0,3,0,"00:00-14","12:03 AM",0,"AM",1
"4","00:04",0,4,0,"00:00-14","12:04 AM",0,"AM",1
"5","00:05",0,5,0,"00:00-14","12:05 AM",0,"AM",1
"6","00:06",0,6,0,"00:00-14","12:06 AM",0,"AM",1
"7","00:07",0,7,0,"00:00-14","12:07 AM",0,"AM",1
"8","00:08",0,8,0,"00:00-14","12:08 AM",0,"AM",1
"9","00:09",0,9,0,"00:00-14","12:09 AM",0,"AM",1
"10","00:10",0,10,0,"00:00-14","12:10 AM",0,"AM",1
"11","00:11",0,11,0,"00:00-14","12:11 AM",0,"AM",1
"12","00:12",0,12,0,"00:00-14","12:12 AM",0,"AM",1
"13","00:13",0,13,0,"00:00-14","12:13 AM",0,"AM",1
"14","00:14",0,14,0,"00:00-14","12:14 AM",0,"AM",1
"15","00:15",0,15,0,"00:15-29","12:15 AM",0,"AM",1
"16","00:16",0,16,0,"00:15-29","12:16 AM",0,"AM",1
"17","00:17",0,17,0,"00:15-29","12:17 AM",0,"AM",1
"18","00:18",0,18,0,"00:15-29","12:18 AM",0,"AM",1
"19","00:19",0,19,0,"00:15-29","12:19 AM",0,"AM",1
"20","00:20",0,20,0,"00:15-29","12:20 AM",0,"AM",1
"21","00:21",0,21,0,"00:15-29","12:21 AM",0,"AM",1
"22","00:22",0,22,0,"00:15-29","12:22 AM",0,"AM",1
"23","00:23",0,23,0,"00:15-29","12:23 AM",0,"AM",1
"24","00:24",0,24,0,"00:15-29","12:24 AM",0,"AM",1
"25","00:25",0,25,0,"00:15-29","12:25 AM",0,"AM",1
"26","00:26",0,26,0,"00:15-29","12:26 AM",0,"AM",1
"27","00:27",0,27,0,"00:15-29","12:27 AM",0,"AM",1
"28","00:28",0,28,0,"00:15-29","12:28 AM",0,"AM",1
"29","00:29",0,29,0,"00:15-29","12:29 AM",0,"AM",1
"30","00:30",0,30,0,"00:30-44","12:30 AM",0,"AM",1
"31","00:31",0,31,0,"00:30-44","12:31 AM",0,"AM",1
"32","00:32",0,32,0,"00:30-44","12:32 AM",0,"AM",1
"33","00:33",0,33,0,"00:30-44","12:33 AM",0,"AM",1
"34","00:34",0,34,0,"00:30-44","12:34 AM",0,"AM",1
"35","00:35",0,35,0,"00:30-44","12:35 AM",0,"AM",1
"36","00:36",0,36,0,"00:30-44","12:36 AM",0,"AM",1
"37","00:37",0,37,0,"00:30-44","12:37 AM",0,"AM",1
"38","00:38",0,38,0,"00:30-44","12:38 AM",0,"AM",1
"39","00:39",0,39,0,"00:30-44","12:39 AM",0,"AM",1
"40","00:40",0,40,0,"00:30-44","12:40 AM",0,"AM",1
"41","00:41",0,41,0,"00:30-44","12:41 AM",0,"AM",1
"42","00:42",0,42,0,"00:30-44","12:42 AM",0,"AM",1
"43","00:43",0,43,0,"00:30-44","12:43 AM",0,"AM",1
"44","00:44",0,44,0,"00:30-44","12:44 AM",0,"AM",1
"45","00:45",0,45,0,"00:45-59","12:45 AM",0,"AM",1
"46","00:46",0,46,0,"00:45-59","12:46 AM",0,"AM",1
"47","00:47",0,47,0,"00:45-59","12:47 AM",0,"AM",1
"48","00:48",0,48,0,"00:45-59","12:48 AM",0,"AM",1
"49","00:49",0,49,0,"00:45-59","12:49 AM",0,"AM",1
"50","00:50",0,50,0,"00:45-59","12:50 AM",0,"AM",1
"51","00:51",0,51,0,"00:45-59","12:51 AM",0,"AM",1
"52","00:52",0,52,0,"00:45-59","12:52 AM",0,"AM",1
"53","00:53",0,53,0,"00:45-59","12:53 AM",0,"AM",1
"54","00:54",0,54,0,"00:45-59","12:54 AM",0,"AM",1
"55","00:55",0,55,0,"00:45-59","12:55 AM",0,"AM",1
"56","00:56",0,56,0,"00:45-59","12:56 AM",0,"AM",1
"57","00:57",0,57,0,"00:45-59","12:57 AM",0,"AM",1
"58","00:58",0,58,0,"00:45-59","12:58 AM",0,"AM",1
"59","00:59",0,59,0,"00:45-59","12:59 AM",0,"AM",1
"60","01:00",1,0,0,"01:00-14","01:00 AM",0,"AM",1
"61","01:01",1,1,0,"01:00-14","01:01 AM",0,"AM",1
"62","01:02",1,2,0,"01:00-14","01:02 AM",0,"AM",1
"63","01:03",1,3,0,"01:00-14","01:03 AM",0,"AM",1
"64","01:04",1,4,0,"01:00-14","01:04 AM",0,"AM",1
"65","01:05",1,5,0,"01:00-14","01:05 AM",0,"AM",1
"66","01:06",1,6,0,"01:00-14","01:06 AM",0,"AM",1
"67","01:07",1,7,0,"01:00-14","01:07 AM",0,"AM",1
"68","01:08",1,8,0,"01:00-14","01:08 AM",0,"AM",1
"69","01:09",1,9,0,"01:00-14","01:09 AM",0,"AM",1
"70","01:10",1,10,0,"01:00-14","01:10 AM",0,"AM",1
"71","01:11",1,11,0,"01:00-14","01:11 AM",0,"AM",1
"72","01:12",1,12,0,"01:00-14","01:12 AM",0,"AM",1
"73","01:13",1,13,0,"01:00-14","01:13 AM",0,"AM",1
"74","01:14",1,14,0,"01:00-14","01:14 AM",0,"AM",1
"75","01:15",1,15,0,"01:15-29","01:15 AM",0,"AM",1
"76","01:16",1,16,0,"01:15-29","01:16 AM",0,"AM",1
"77","01:17",1,17,0,"01:15-29","01:17 AM",0,"AM",1
"78","01:18",1,18,0,"01:15-29","01:18 AM",0,"AM",1
"79","01:19",1,19,0,"01:15-29","01:19 AM",0,"AM",1
"80","01:20",1,20,0,"01:15-29","01:20 AM",0,"AM",1
"81","01:21",1,21,0,"01:15-29","01:21 AM",0,"AM",1
"82","01:22",1,22,0,"01:15-29","01:22 AM",0,"AM",1
"83","01:23",1,23,0,"01:15-29","01:23 AM",0,"AM",1
"84","01:24",1,24,0,"01:15-29","01:24 AM",0,"AM",1
"85","01:25",1,25,0,"01:15-29","01:25 AM",0,"AM",1
"86","01:26",1,26,0,"01:15-29","01:26 AM",0,"AM",1
"87","01:27",1,27,0,"01:15-29","01:27 AM",0,"AM",1
"88","01:28",1,28,0,"01:15-29","01:28 AM",0,"AM",1
"89","01:29",1,29,0,"01:15-29","01:29 AM",0,"AM",1
"90","01:30",1,30,0,"01:30-44","01:30 AM",0,"AM",1
"91","01:31",1,31,0,"01:30-44","01:31 AM",0,"AM",1
"92","01:32",1,32,0,"01:30-44","01:32 AM",0,"AM",1
"93","01:33",1,33,0,"01:30-44","01:33 AM",0,"AM",1
"94","01:34",1,34,0,"01:30-44","01:34 AM",0,"AM",1
"95","01:35",1,35,0,"01:30-44","01:35 AM",0,"AM",1
"96","01:36",1,36,0,"01:30-44","01:36 AM",0,"AM",1
"97","01:37",1,37,0,"01:30-44","01:37 AM",0,"AM",1
"98","01:38",1,38,0,"01:30-44","01:38 AM",0,"AM",1
"99","01:39",1,39,0,"01:30-44","01:39 AM",0,"AM",1
"100","01:40",1,40,0,"01:30-44","01:40 AM",0,"AM",1
"101","01:41",1,41,0,"01:30-44","01:41 AM",0,"AM",1
"102","01:42",1,42,0,"01:30-44","01:42 AM",0,"AM",1
"103","01:43",1,43,0,"01:30-44","01:43 AM",0,"AM",1
"104","01:44",1,44,0,"01:30-44","01:44 AM",0,"AM",1
"105","01:45",1,45,0,"01:45-59","01:45 AM",0,"AM",1
"106","01:46",1,46,0,"01:45-59","01:46 AM",0,"AM",1
"107","01:47",1,47,0,"01:45-59","01:47 AM",0,"AM",1
"108","01:48",1,48,0,"01:45-59","01:48 AM",0,"AM",1
"109","01:49",1,49,0,"01:45-59","01:49 AM",0,"AM",1
"110","01:50",1,50,0,"01:45-59","01:50 AM",0,"AM",1
"111","01:51",1,51,0,"01:45-59","01:51 AM",0,"AM",1
"112","01:52",1,52,0,"01:45-59","01:52 AM",0,"AM",1
"113","01:53",1,53,0,"01:45-59","01:53 AM",0,"AM",1
"114","01:54",1,54,0,"01:45-59","01:54 AM",0,"AM",1
"115","01:55",1,55,0,"01:45-59","01:55 AM",0,"AM",1
"116","01:56",1,56,0,"01:45-59","01:56 AM",0,"AM",1
"117","01:57",1,57,0,"01:45-59","01:57 AM",0,"AM",1
"118","01:58",1,58,0,"01:45-59","01:58 AM",0,"AM",1
"119","01:59",1,59,0,"01:45-59","01:59 AM",0,"AM",1
"120","02:00",2,0,0,"02:00-14","02:00 AM",0,"AM",1
"121","02:01",2,1,0,"02:00-14","02:01 AM",0,"AM",1
"122","02:02",2,2,0,"02:00-14","02:02 AM",0,"AM",1
"123","02:03",2,3,0,"02:00-14","02:03 AM",0,"AM",1
"124","02:04",2,4,0,"02:00-14","02:04 AM",0,"AM",1
"125","02:05",2,5,0,"02:00-14","02:05 AM",0,"AM",1
"126","02:06",2,6,0,"02:00-14","02:06 AM",0,"AM",1
"127","02:07",2,7,0,"02:00-14","02:07 AM",0,"AM",1
"128","02:08",2,8,0,"02:00-14","02:08 AM",0,"AM",1
"129","02:09",2,9,0,"02:00-14","02:09 AM",0,"AM",1
"130","02:10",2,10,0,"02:00-14","02:10 AM",0,"AM",1
"131","02:11",2,11,0,"02:00-14","02:11 AM",0,"AM",1
"132","02:12",2,12,0,"02:00-14","02:12 AM",0,"AM",1
"133","02:13",2,13,0,"02:00-14","02:13 AM",0,"AM",1
"134","02:14",2,14,0,"02:00-14","02:14 AM",0,"AM",1
"135","02:15",2,15,0,"02:15-29","02:15 AM",0,"AM",1
"136","02:16",2,16,0,"02:15-29","02:16 AM",0,"AM",1
"137","02:17",2,17,0,"02:15-29","02:17 AM",0,"AM",1
"138","02:18",2,18,0,"02:15-29","02:18 AM",0,"AM",1
"139","02:19",2,19,0,"02:15-29","02:19 AM",0,"AM",1
"140","02:20",2,20,0,"02:15-29","02:20 AM",0,"AM",1
"141","02:21",2,21,0,"02:15-29","02:21 AM",0,"AM",1
"142","02:22",2,22,0,"02:15-29","02:22 AM",0,"AM",1
"143","02:23",2,23,0,"02:15-29","02:23 AM",0,"AM",1
"144","02:24",2,24,0,"02:15-29","02:24 AM",0,"AM",1
"145","02:25",2,25,0,"02:15-29","02:25 AM",0,"AM",1
"146","02:26",2,26,0,"02:15-29","02:26 AM",0,"AM",1
"147","02:27",2,27,0,"02:15-29","02:27 AM",0,"AM",1
"148","02:28",2,28,0,"02:15-29","02:28 AM",0,"AM",1
"149","02:29",2,29,0,"02:15-29","02:29 AM",0,"AM",1
"150","02:30",2,30,0,"02:30-44","02:30 AM",0,"AM",1
"151","02:31",2,31,0,"02:30-44","02:31 AM",0,"AM",1
"152","02:32",2,32,0,"02:30-44","02:32 AM",0,"AM",1
"153","02:33",2,33,0,"02:30-44","02:33 AM",0,"AM",1
"154","02:34",2,34,0,"02:30-44","02:34 AM",0,"AM",1
"155","02:35",2,35,0,"02:30-44","02:35 AM",0,"AM",1
"156","02:36",2,36,0,"02:30-44","02:36 AM",0,"AM",1
"157","02:37",2,37,0,"02:30-44","02:37 AM",0,"AM",1
"158","02:38",2,38,0,"02:30-44","02:38 AM",0,"AM",1
"159","02:39",2,39,0,"02:30-44","02:39 AM",0,"AM",1
"160","02:40",2,40,0,"02:30-44","02:40 AM",0,"AM",1
"161","02:41",2,41,0,"02:30-44","02:41 AM",0,"AM",1
"162","02:42",2,42,0,"02:30-44","02:42 AM",0,"AM",1
"163","02:43",2,43,0,"02:30-44","02:43 AM",0,"AM",1
"164","02:44",2,44,0,"02:30-44","02:44 AM",0,"AM",1
"165","02:45",2,45,0,"02:45-59","02:45 AM",0,"AM",1
"166","02:46",2,46,0,"02:45-59","02:46 AM",0,"AM",1
"167","02:47",2,47,0,"02:45-59","02:47 AM",0,"AM",1
"168","02:48",2,48,0,"02:45-59","02:48 AM",0,"AM",1
"169","02:49",2,49,0,"02:45-59","02:49 AM",0,"AM",1
"170","02:50",2,50,0,"02:45-59","02:50 AM",0,"AM",1
"171","02:51",2,51,0,"02:45-59","02:51 AM",0,"AM",1
"172","02:52",2,52,0,"02:45-59","02:52 AM",0,"AM",1
"173","02:53",2,53,0,"02:45-59","02:53 AM",0,"AM",1
"174","02:54",2,54,0,"02:45-59","02:54 AM",0,"AM",1
"175","02:55",2,55,0,"02:45-59","02:55 AM",0,"AM",1
"176","02:56",2,56,0,"02:45-59","02:56 AM",0,"AM",1
"177","02:57",2,57,0,"02:45-59","02:57 AM",0,"AM",1
"178","02:58",2,58,0,"02:45-59","02:58 AM",0,"AM",1
"179","02:59",2,59,0,"02:45-59","02:59 AM",0,"AM",1
"180","03:00",3,0,0,"03:00-14","03:00 AM",0,"AM",1
"181","03:01",3,1,0,"03:00-14","03:01 AM",0,"AM",1
"182","03:02",3,2,0,"03:00-14","03:02 AM",0,"AM",1
"183","03:03",3,3,0,"03:00-14","03:03 AM",0,"AM",1
"184","03:04",3,4,0,"03:00-14","03:04 AM",0,"AM",1
"185","03:05",3,5,0,"03:00-14","03:05 AM",0,"AM",1
"186","03:06",3,6,0,"03:00-14","03:06 AM",0,"AM",1
"187","03:07",3,7,0,"03:00-14","03:07 AM",0,"AM",1
"188","03:08",3,8,0,"03:00-14","03:08 AM",0,"AM",1
"189","03:09",3,9,0,"03:00-14","03:09 AM",0,"AM",1
"190","03:10",3,10,0,"03:00-14","03:10 AM",0,"AM",1
"191","03:11",3,11,0,"03:00-14","03:11 AM",0,"AM",1
"192","03:12",3,12,0,"03:00-14","03:12 AM",0,"AM",1
"193","03:13",3,13,0,"03:00-14","03:13 AM",0,"AM",1
"194","03:14",3,14,0,"03:00-14","03:14 AM",0,"AM",1
"195","03:15",3,15,0,"03:15-29","03:15 AM",0,"AM",1
"196","03:16",3,16,0,"03:15-29","03:16 AM",0,"AM",1
"197","03:17",3,17,0,"03:15-29","03:17 AM",0,"AM",1
"198","03:18",3,18,0,"03:15-29","03:18 AM",0,"AM",1
"199","03:19",3,19,0,"03:15-29","03:19 AM",0,"AM",1
"200","03:20",3,20,0,"03:15-29","03:20 AM",0,"AM",1
"201","03:21",3,21,0,"03:15-29","03:21 AM",0,"AM",1
"202","03:22",3,22,0,"03:15-29","03:22 AM",0,"AM",1
"203","03:23",3,23,0,"03:15-29","03:23 AM",0,"AM",1
"204","03:24",3,24,0,"03:15-29","03:24 AM",0,"AM",1
"205","03:25",3,25,0,"03:15-29","03:25 AM",0,"AM",1
"206","03:26",3,26,0,"03:15-29","03:26 AM",0,"AM",1
"207","03:27",3,27,0,"03:15-29","03:27 AM",0,"AM",1
"208","03:28",3,28,0,"03:15-29","03:28 AM",0,"AM",1
"209","03:29",3,29,0,"03:15-29","03:29 AM",0,"AM",1
"210","03:30",3,30,0,"03:30-44","03:30 AM",0,"AM",1
"211","03:31",3,31,0,"03:30-44","03:31 AM",0,"AM",1
"212","03:32",3,32,0,"03:30-44","03:32 AM",0,"AM",1
"213","03:33",3,33,0,"03:30-44","03:33 AM",0,"AM",1
"214","03:34",3,34,0,"03:30-44","03:34 AM",0,"AM",1
"215","03:35",3,35,0,"03:30-44","03:35 AM",0,"AM",1
"216","03:36",3,36,0,"03:30-44","03:36 AM",0,"AM",1
"217","03:37",3,37,0,"03:30-44","03:37 AM",0,"AM",1
"218","03:38",3,38,0,"03:30-44","03:38 AM",0,"AM",1
"219","03:39",3,39,0,"03:30-44","03:39 AM",0,"AM",1
"220","03:40",3,40,0,"03:30-44","03:40 AM",0,"AM",1
"221","03:41",3,41,0,"03:30-44","03:41 AM",0,"AM",1
"222","03:42",3,42,0,"03:30-44","03:42 AM",0,"AM",1
"223","03:43",3,43,0,"03:30-44","03:43 AM",0,"AM",1
"224","03:44",3,44,0,"03:30-44","03:44 AM",0,"AM",1
"225","03:45",3,45,0,"03:45-59","03:45 AM",0,"AM",1
"226","03:46",3,46,0,"03:45-59","03:46 AM",0,"AM",1
"227","03:47",3,47,0,"03:45-59","03:47 AM",0,"AM",1
"228","03:48",3,48,0,"03:45-59","03:48 AM",0,"AM",1
"229","03:49",3,49,0,"03:45-59","03:49 AM",0,"AM",1
"230","03:50",3,50,0,"03:45-59","03:50 AM",0,"AM",1
"231","03:51",3,51,0,"03:45-59","03:51 AM",0,"AM",1
"232","03:52",3,52,0,"03:45-59","03:52 AM",0,"AM",1
"233","03:53",3,53,0,"03:45-59","03:53 AM",0,"AM",1
"234","03:54",3,54,0,"03:45-59","03:54 AM",0,"AM",1
"235","03:55",3,55,0,"03:45-59","03:55 AM",0,"AM",1
"236","03:56",3,56,0,"03:45-59","03:56 AM",0,"AM",1
"237","03:57",3,57,0,"03:45-59","03:57 AM",0,"AM",1
"238","03:58",3,58,0,"03:45-59","03:58 AM",0,"AM",1
"239","03:59",3,59,0,"03:45-59","03:59 AM",0,"AM",1
"240","04:00",4,0,0,"04:00-14","04:00 AM",0,"AM",1
"241","04:01",4,1,0,"04:00-14","04:01 AM",0,"AM",1
"242","04:02",4,2,0,"04:00-14","04:02 AM",0,"AM",1
"243","04:03",4,3,0,"04:00-14","04:03 AM",0,"AM",1
"244","04:04",4,4,0,"04:00-14","04:04 AM",0,"AM",1
"245","04:05",4,5,0,"04:00-14","04:05 AM",0,"AM",1
"246","04:06",4,6,0,"04:00-14","04:06 AM",0,"AM",1
"247","04:07",4,7,0,"04:00-14","04:07 AM",0,"AM",1
"248","04:08",4,8,0,"04:00-14","04:08 AM",0,"AM",1
"249","04:09",4,9,0,"04:00-14","04:09 AM",0,"AM",1
"250","04:10",4,10,0,"04:00-14","04:10 AM",0,"AM",1
"251","04:11",4,11,0,"04:00-14","04:11 AM",0,"AM",1
"252","04:12",4,12,0,"04:00-14","04:12 AM",0,"AM",1
"253","04:13",4,13,0,"04:00-14","04:13 AM",0,"AM",1
"254","04:14",4,14,0,"04:00-14","04:14 AM",0,"AM",1
"255","04:15",4,15,0,"04:15-29","04:15 AM",0,"AM",1
"256","04:16",4,16,0,"04:15-29","04:16 AM",0,"AM",1
"257","04:17",4,17,0,"04:15-29","04:17 AM",0,"AM",1
"258","04:18",4,18,0,"04:15-29","04:18 AM",0,"AM",1
"259","04:19",4,19,0,"04:15-29","04:19 AM",0,"AM",1
"260","04:20",4,20,0,"04:15-29","04:20 AM",0,"AM",1
"261","04:21",4,21,0,"04:15-29","04:21 AM",0,"AM",1
"262","04:22",4,22,0,"04:15-29","04:22 AM",0,"AM",1
"263","04:23",4,23,0,"04:15-29","04:23 AM",0,"AM",1
"264","04:24",4,24,0,"04:15-29","04:24 AM",0,"AM",1
"265","04:25",4,25,0,"04:15-29","04:25 AM",0,"AM",1
"266","04:26",4,26,0,"04:15-29","04:26 AM",0,"AM",1
"267","04:27",4,27,0,"04:15-29","04:27 AM",0,"AM",1
"268","04:28",4,28,0,"04:15-29","04:28 AM",0,"AM",1
"269","04:29",4,29,0,"04:15-29","04:29 AM",0,"AM",1
"270","04:30",4,30,0,"04:30-44","04:30 AM",0,"AM",1
"271","04:31",4,31,0,"04:30-44","04:31 AM",0,"AM",1
"272","04:32",4,32,0,"04:30-44","04:32 AM",0,"AM",1
"273","04:33",4,33,0,"04:30-44","04:33 AM",0,"AM",1
"274","04:34",4,34,0,"04:30-44","04:34 AM",0,"AM",1
"275","04:35",4,35,0,"04:30-44","04:35 AM",0,"AM",1
"276","04:36",4,36,0,"04:30-44","04:36 AM",0,"AM",1
"277","04:37",4,37,0,"04:30-44","04:37 AM",0,"AM",1
"278","04:38",4,38,0,"04:30-44","04:38 AM",0,"AM",1
"279","04:39",4,39,0,"04:30-44","04:39 AM",0,"AM",1
"280","04:40",4,40,0,"04:30-44","04:40 AM",0,"AM",1
"281","04:41",4,41,0,"04:30-44","04:41 AM",0,"AM",1
"282","04:42",4,42,0,"04:30-44","04:42 AM",0,"AM",1
"283","04:43",4,43,0,"04:30-44","04:43 AM",0,"AM",1
"284","04:44",4,44,0,"04:30-44","04:44 AM",0,"AM",1
"285","04:45",4,45,0,"04:45-59","04:45 AM",0,"AM",1
"286","04:46",4,46,0,"04:45-59","04:46 AM",0,"AM",1
"287","04:47",4,47,0,"04:45-59","04:47 AM",0,"AM",1
"288","04:48",4,48,0,"04:45-59","04:48 AM",0,"AM",1
"289","04:49",4,49,0,"04:45-59","04:49 AM",0,"AM",1
"290","04:50",4,50,0,"04:45-59","04:50 AM",0,"AM",1
"291","04:51",4,51,0,"04:45-59","04:51 AM",0,"AM",1
"292","04:52",4,52,0,"04:45-59","04:52 AM",0,"AM",1
"293","04:53",4,53,0,"04:45-59","04:53 AM",0,"AM",1
"294","04:54",4,54,0,"04:45-59","04:54 AM",0,"AM",1
"295","04:55",4,55,0,"04:45-59","04:55 AM",0,"AM",1
"296","04:56",4,56,0,"04:45-59","04:56 AM",0,"AM",1
"297","04:57",4,57,0,"04:45-59","04:57 AM",0,"AM",1
"298","04:58",4,58,0,"04:45-59","04:58 AM",0,"AM",1
"299","04:59",4,59,0,"04:45-59","04:59 AM",0,"AM",1
"300","05:00",5,0,0,"05:00-14","05:00 AM",0,"AM",1
"301","05:01",5,1,0,"05:00-14","05:01 AM",0,"AM",1
"302","05:02",5,2,0,"05:00-14","05:02 AM",0,"AM",1
"303","05:03",5,3,0,"05:00-14","05:03 AM",0,"AM",1
"304","05:04",5,4,0,"05:00-14","05:04 AM",0,"AM",1
"305","05:05",5,5,0,"05:00-14","05:05 AM",0,"AM",1
"306","05:06",5,6,0,"05:00-14","05:06 AM",0,"AM",1
"307","05:07",5,7,0,"05:00-14","05:07 AM",0,"AM",1
"308","05:08",5,8,0,"05:00-14","05:08 AM",0,"AM",1
"309","05:09",5,9,0,"05:00-14","05:09 AM",0,"AM",1
"310","05:10",5,10,0,"05:00-14","05:10 AM",0,"AM",1
"311","05:11",5,11,0,"05:00-14","05:11 AM",0,"AM",1
"312","05:12",5,12,0,"05:00-14","05:12 AM",0,"AM",1
"313","05:13",5,13,0,"05:00-14","05:13 AM",0,"AM",1
"314","05:14",5,14,0,"05:00-14","05:14 AM",0,"AM",1
"315","05:15",5,15,0,"05:15-29","05:15 AM",0,"AM",1
"316","05:16",5,16,0,"05:15-29","05:16 AM",0,"AM",1
"317","05:17",5,17,0,"05:15-29","05:17 AM",0,"AM",1
"318","05:18",5,18,0,"05:15-29","05:18 AM",0,"AM",1
"319","05:19",5,19,0,"05:15-29","05:19 AM",0,"AM",1
"320","05:20",5,20,0,"05:15-29","05:20 AM",0,"AM",1
"321","05:21",5,21,0,"05:15-29","05:21 AM",0,"AM",1
"322","05:22",5,22,0,"05:15-29","05:22 AM",0,"AM",1
"323","05:23",5,23,0,"05:15-29","05:23 AM",0,"AM",1
"324","05:24",5,24,0,"05:15-29","05:24 AM",0,"AM",1
"325","05:25",5,25,0,"05:15-29","05:25 AM",0,"AM",1
"326","05:26",5,26,0,"05:15-29","05:26 AM",0,"AM",1
"327","05:27",5,27,0,"05:15-29","05:27 AM",0,"AM",1
"328","05:28",5,28,0,"05:15-29","05:28 AM",0,"AM",1
"329","05:29",5,29,0,"05:15-29","05:29 AM",0,"AM",1
"330","05:30",5,30,0,"05:30-44","05:30 AM",0,"AM",1
"331","05:31",5,31,0,"05:30-44","05:31 AM",0,"AM",1
"332","05:32",5,32,0,"05:30-44","05:32 AM",0,"AM",1
"333","05:33",5,33,0,"05:30-44","05:33 AM",0,"AM",1
"334","05:34",5,34,0,"05:30-44","05:34 AM",0,"AM",1
"335","05:35",5,35,0,"05:30-44","05:35 AM",0,"AM",1
"336","05:36",5,36,0,"05:30-44","05:36 AM",0,"AM",1
"337","05:37",5,37,0,"05:30-44","05:37 AM",0,"AM",1
"338","05:38",5,38,0,"05:30-44","05:38 AM",0,"AM",1
"339","05:39",5,39,0,"05:30-44","05:39 AM",0,"AM",1
"340","05:40",5,40,0,"05:30-44","05:40 AM",0,"AM",1
"341","05:41",5,41,0,"05:30-44","05:41 AM",0,"AM",1
"342","05:42",5,42,0,"05:30-44","05:42 AM",0,"AM",1
"343","05:43",5,43,0,"05:30-44","05:43 AM",0,"AM",1
"344","05:44",5,44,0,"05:30-44","05:44 AM",0,"AM",1
"345","05:45",5,45,0,"05:45-59","05:45 AM",0,"AM",1
"346","05:46",5,46,0,"05:45-59","05:46 AM",0,"AM",1
"347","05:47",5,47,0,"05:45-59","05:47 AM",0,"AM",1
"348","05:48",5,48,0,"05:45-59","05:48 AM",0,"AM",1
"349","05:49",5,49,0,"05:45-59","05:49 AM",0,"AM",1
"350","05:50",5,50,0,"05:45-59","05:50 AM",0,"AM",1
"351","05:51",5,51,0,"05:45-59","05:51 AM",0,"AM",1
"352","05:52",5,52,0,"05:45-59","05:52 AM",0,"AM",1
"353","05:53",5,53,0,"05:45-59","05:53 AM",0,"AM",1
"354","05:54",5,54,0,"05:45-59","05:54 AM",0,"AM",1
"355","05:55",5,55,0,"05:45-59","05:55 AM",0,"AM",1
"356","05:56",5,56,0,"05:45-59","05:56 AM",0,"AM",1
"357","05:57",5,57,0,"05:45-59","05:57 AM",0,"AM",1
"358","05:58",5,58,0,"05:45-59","05:58 AM",0,"AM",1
"359","05:59",5,59,0,"05:45-59","05:59 AM",0,"AM",1
"360","06:00",6,0,0,"06:00-14","06:00 AM",0,"AM",0
"361","06:01",6,1,0,"06:00-14","06:01 AM",0,"AM",0
"362","06:02",6,2,0,"06:00-14","06:02 AM",0,"AM",0
"363","06:03",6,3,0,"06:00-14","06:03 AM",0,"AM",0
"364","06:04",6,4,0,"06:00-14","06:04 AM",0,"AM",0
"365","06:05",6,5,0,"06:00-14","06:05 AM",0,"AM",0
"366","06:06",6,6,0,"06:00-14","06:06 AM",0,"AM",0
"367","06:07",6,7,0,"06:00-14","06:07 AM",0,"AM",0
"368","06:08",6,8,0,"06:00-14","06:08 AM",0,"AM",0
"369","06:09",6,9,0,"06:00-14","06:09 AM",0,"AM",0
"370","06:10",6,10,0,"06:00-14","06:10 AM",0,"AM",0
"371","06:11",6,11,0,"06:00-14","06:11 AM",0,"AM",0
"372","06:12",6,12,0,"06:00-14","06:12 AM",0,"AM",0
"373","06:13",6,13,0,"06:00-14","06:13 AM",0,"AM",0
"374","06:14",6,14,0,"06:00-14","06:14 AM",0,"AM",0
"375","06:15",6,15,0,"06:15-29","06:15 AM",0,"AM",0
"376","06:16",6,16,0,"06:15-29","06:16 AM",0,"AM",0
"377","06:17",6,17,0,"06:15-29","06:17 AM",0,"AM",0
"378","06:18",6,18,0,"06:15-29","06:18 AM",0,"AM",0
"379","06:19",6,19,0,"06:15-29","06:19 AM",0,"AM",0
"380","06:20",6,20,0,"06:15-29","06:20 AM",0,"AM",0
"381","06:21",6,21,0,"06:15-29","06:21 AM",0,"AM",0
"382","06:22",6,22,0,"06:15-29","06:22 AM",0,"AM",0
"383","06:23",6,23,0,"06:15-29","06:23 AM",0,"AM",0
"384","06:24",6,24,0,"06:15-29","06:24 AM",0,"AM",0
"385","06:25",6,25,0,"06:15-29","06:25 AM",0,"AM",0
"386","06:26",6,26,0,"06:15-29","06:26 AM",0,"AM",0
"387","06:27",6,27,0,"06:15-29","06:27 AM",0,"AM",0
"388","06:28",6,28,0,"06:15-29","06:28 AM",0,"AM",0
"389","06:29",6,29,0,"06:15-29","06:29 AM",0,"AM",0
"390","06:30",6,30,0,"06:30-44","06:30 AM",0,"AM",0
"391","06:31",6,31,0,"06:30-44","06:31 AM",0,"AM",0
"392","06:32",6,32,0,"06:30-44","06:32 AM",0,"AM",0
"393","06:33",6,33,0,"06:30-44","06:33 AM",0,"AM",0
"394","06:34",6,34,0,"06:30-44","06:34 AM",0,"AM",0
"395","06:35",6,35,0,"06:30-44","06:35 AM",0,"AM",0
"396","06:36",6,36,0,"06:30-44","06:36 AM",0,"AM",0
"397","06:37",6,37,0,"06:30-44","06:37 AM",0,"AM",0
"398","06:38",6,38,0,"06:30-44","06:38 AM",0,"AM",0
"399","06:39",6,39,0,"06:30-44","06:39 AM",0,"AM",0
"400","06:40",6,40,0,"06:30-44","06:40 AM",0,"AM",0
"401","06:41",6,41,0,"06:30-44","06:41 AM",0,"AM",0
"402","06:42",6,42,0,"06:30-44","06:42 AM",0,"AM",0
"403","06:43",6,43,0,"06:30-44","06:43 AM",0,"AM",0
"404","06:44",6,44,0,"06:30-44","06:44 AM",0,"AM",0
"405","06:45",6,45,0,"06:45-59","06:45 AM",0,"AM",0
"406","06:46",6,46,0,"06:45-59","06:46 AM",0,"AM",0
"407","06:47",6,47,0,"06:45-59","06:47 AM",0,"AM",0
"408","06:48",6,48,0,"06:45-59","06:48 AM",0,"AM",0
"409","06:49",6,49,0,"06:45-59","06:49 AM",0,"AM",0
"410","06:50",6,50,0,"06:45-59","06:50 AM",0,"AM",0
"411","06:51",6,51,0,"06:45-59","06:51 AM",0,"AM",0
"412","06:52",6,52,0,"06:45-59","06:52 AM",0,"AM",0
"413","06:53",6,53,0,"06:45-59","06:53 AM",0,"AM",0
"414","06:54",6,54,0,"06:45-59","06:54 AM",0,"AM",0
"415","06:55",6,55,0,"06:45-59","06:55 AM",0,"AM",0
"416","06:56",6,56,0,"06:45-59","06:56 AM",0,"AM",0
"417","06:57",6,57,0,"06:45-59","06:57 AM",0,"AM",0
"418","06:58",6,58,0,"06:45-59","06:58 AM",0,"AM",0
"419","06:59",6,59,0,"06:45-59","06:59 AM",0,"AM",0
"420","07:00",7,0,0,"07:00-14","07:00 AM",1,"AM",0
"421","07:01",7,1,0,"07:00-14","07:01 AM",1,"AM",0
"422","07:02",7,2,0,"07:00-14","07:02 AM",1,"AM",0
"423","07:03",7,3,0,"07:00-14","07:03 AM",1,"AM",0
"424","07:04",7,4,0,"07:00-14","07:04 AM",1,"AM",0
"425","07:05",7,5,0,"07:00-14","07:05 AM",1,"AM",0
"426","07:06",7,6,0,"07:00-14","07:06 AM",1,"AM",0
"427","07:07",7,7,0,"07:00-14","07:07 AM",1,"AM",0
"428","07:08",7,8,0,"07:00-14","07:08 AM",1,"AM",0
"429","07:09",7,9,0,"07:00-14","07:09 AM",1,"AM",0
"430","07:10",7,10,0,"07:00-14","07:10 AM",1,"AM",0
"431","07:11",7,11,0,"07:00-14","07:11 AM",1,"AM",0
"432","07:12",7,12,0,"07:00-14","07:12 AM",1,"AM",0
"433","07:13",7,13,0,"07:00-14","07:13 AM",1,"AM",0
"434","07:14",7,14,0,"07:00-14","07:14 AM",1,"AM",0
"435","07:15",7,15,0,"07:15-29","07:15 AM",1,"AM",0
"436","07:16",7,16,0,"07:15-29","07:16 AM",1,"AM",0
"437","07:17",7,17,0,"07:15-29","07:17 AM",1,"AM",0
"438","07:18",7,18,0,"07:15-29","07:18 AM",1,"AM",0
"439","07:19",7,19,0,"07:15-29","07:19 AM",1,"AM",0
"440","07:20",7,20,0,"07:15-29","07:20 AM",1,"AM",0
"441","07:21",7,21,0,"07:15-29","07:21 AM",1,"AM",0
"442","07:22",7,22,0,"07:15-29","07:22 AM",1,"AM",0
"443","07:23",7,23,0,"07:15-29","07:23 AM",1,"AM",0
"444","07:24",7,24,0,"07:15-29","07:24 AM",1,"AM",0
"445","07:25",7,25,0,"07:15-29","07:25 AM",1,"AM",0
"446","07:26",7,26,0,"07:15-29","07:26 AM",1,"AM",0
"447","07:27",7,27,0,"07:15-29","07:27 AM",1,"AM",0
"1337","22:17",22,17,0,"22:15-29","10:17 PM",0,"PM",1
"1338","22:18",22,18,0,"22:15-29","10:18 PM",0,"PM",1
"1339","22:19",22,19,0,"22:15-29","10:19 PM",0,"PM",1
"1340","22:20",22,20,0,"22:15-29","10:20 PM",0,"PM",1
"1341","22:21",22,21,0,"22:15-29","10:21 PM",0,"PM",1
"1342","22:22",22,22,0,"22:15-29","10:22 PM",0,"PM",1
"1343","22:23",22,23,0,"22:15-29","10:23 PM",0,"PM",1
"1344","22:24",22,24,0,"22:15-29","10:24 PM",0,"PM",1
"1345","22:25",22,25,0,"22:15-29","10:25 PM",0,"PM",1
"1346","22:26",22,26,0,"22:15-29","10:26 PM",0,"PM",1
"1347","22:27",22,27,0,"22:15-29","10:27 PM",0,"PM",1
"1348","22:28",22,28,0,"22:15-29","10:28 PM",0,"PM",1
"1349","22:29",22,29,0,"22:15-29","10:29 PM",0,"PM",1
"1350","22:30",22,30,0,"22:30-44","10:30 PM",0,"PM",1
"1351","22:31",22,31,0,"22:30-44","10:31 PM",0,"PM",1
"1352","22:32",22,32,0,"22:30-44","10:32 PM",0,"PM",1
"1353","22:33",22,33,0,"22:30-44","10:33 PM",0,"PM",1
"1354","22:34",22,34,0,"22:30-44","10:34 PM",0,"PM",1
"1355","22:35",22,35,0,"22:30-44","10:35 PM",0,"PM",1
"1356","22:36",22,36,0,"22:30-44","10:36 PM",0,"PM",1
"1357","22:37",22,37,0,"22:30-44","10:37 PM",0,"PM",1
"1358","22:38",22,38,0,"22:30-44","10:38 PM",0,"PM",1
"1359","22:39",22,39,0,"22:30-44","10:39 PM",0,"PM",1
"1360","22:40",22,40,0,"22:30-44","10:40 PM",0,"PM",1
"1361","22:41",22,41,0,"22:30-44","10:41 PM",0,"PM",1
"1362","22:42",22,42,0,"22:30-44","10:42 PM",0,"PM",1
"1363","22:43",22,43,0,"22:30-44","10:43 PM",0,"PM",1
"1364","22:44",22,44,0,"22:30-44","10:44 PM",0,"PM",1
"1365","22:45",22,45,0,"22:45-59","10:45 PM",0,"PM",1
"1366","22:46",22,46,0,"22:45-59","10:46 PM",0,"PM",1
"1367","22:47",22,47,0,"22:45-59","10:47 PM",0,"PM",1
"1368","22:48",22,48,0,"22:45-59","10:48 PM",0,"PM",1
"1369","22:49",22,49,0,"22:45-59","10:49 PM",0,"PM",1
"1370","22:50",22,50,0,"22:45-59","10:50 PM",0,"PM",1
"1371","22:51",22,51,0,"22:45-59","10:51 PM",0,"PM",1
"1372","22:52",22,52,0,"22:45-59","10:52 PM",0,"PM",1
"1373","22:53",22,53,0,"22:45-59","10:53 PM",0,"PM",1
"1374","22:54",22,54,0,"22:45-59","10:54 PM",0,"PM",1
"1375","22:55",22,55,0,"22:45-59","10:55 PM",0,"PM",1
"1376","22:56",22,56,0,"22:45-59","10:56 PM",0,"PM",1
"1377","22:57",22,57,0,"22:45-59","10:57 PM",0,"PM",1
"1378","22:58",22,58,0,"22:45-59","10:58 PM",0,"PM",1
"1379","22:59",22,59,0,"22:45-59","10:59 PM",0,"PM",1
"1380","23:00",23,0,0,"23:00-14","11:00 PM",0,"PM",1
"1381","23:01",23,1,0,"23:00-14","11:01 PM",0,"PM",1
"1382","23:02",23,2,0,"23:00-14","11:02 PM",0,"PM",1
"1383","23:03",23,3,0,"23:00-14","11:03 PM",0,"PM",1
"1384","23:04",23,4,0,"23:00-14","11:04 PM",0,"PM",1
"1385","23:05",23,5,0,"23:00-14","11:05 PM",0,"PM",1
"1386","23:06",23,6,0,"23:00-14","11:06 PM",0,"PM",1
"1387","23:07",23,7,0,"23:00-14","11:07 PM",0,"PM",1
"1388","23:08",23,8,0,"23:00-14","11:08 PM",0,"PM",1
"1389","23:09",23,9,0,"23:00-14","11:09 PM",0,"PM",1
"1390","23:10",23,10,0,"23:00-14","11:10 PM",0,"PM",1
"1391","23:11",23,11,0,"23:00-14","11:11 PM",0,"PM",1
"1392","23:12",23,12,0,"23:00-14","11:12 PM",0,"PM",1
"1393","23:13",23,13,0,"23:00-14","11:13 PM",0,"PM",1
"1394","23:14",23,14,0,"23:00-14","11:14 PM",0,"PM",1
"1395","23:15",23,15,0,"23:15-29","11:15 PM",0,"PM",1
"1396","23:16",23,16,0,"23:15-29","11:16 PM",0,"PM",1
"1397","23:17",23,17,0,"23:15-29","11:17 PM",0,"PM",1
"1398","23:18",23,18,0,"23:15-29","11:18 PM",0,"PM",1
"1399","23:19",23,19,0,"23:15-29","11:19 PM",0,"PM",1
"1400","23:20",23,20,0,"23:15-29","11:20 PM",0,"PM",1
"1401","23:21",23,21,0,"23:15-29","11:21 PM",0,"PM",1
"1402","23:22",23,22,0,"23:15-29","11:22 PM",0,"PM",1
"1403","23:23",23,23,0,"23:15-29","11:23 PM",0,"PM",1
"1404","23:24",23,24,0,"23:15-29","11:24 PM",0,"PM",1
"1405","23:25",23,25,0,"23:15-29","11:25 PM",0,"PM",1
"1406","23:26",23,26,0,"23:15-29","11:26 PM",0,"PM",1
"1407","23:27",23,27,0,"23:15-29","11:27 PM",0,"PM",1
"1408","23:28",23,28,0,"23:15-29","11:28 PM",0,"PM",1
"1409","23:29",23,29,0,"23:15-29","11:29 PM",0,"PM",1
"1410","23:30",23,30,0,"23:30-44","11:30 PM",0,"PM",1
"1411","23:31",23,31,0,"23:30-44","11:31 PM",0,"PM",1
"1412","23:32",23,32,0,"23:30-44","11:32 PM",0,"PM",1
"1413","23:33",23,33,0,"23:30-44","11:33 PM",0,"PM",1
"1414","23:34",23,34,0,"23:30-44","11:34 PM",0,"PM",1
"1415","23:35",23,35,0,"23:30-44","11:35 PM",0,"PM",1
"1416","23:36",23,36,0,"23:30-44","11:36 PM",0,"PM",1
"1417","23:37",23,37,0,"23:30-44","11:37 PM",0,"PM",1
"1418","23:38",23,38,0,"23:30-44","11:38 PM",0,"PM",1
"1419","23:39",23,39,0,"23:30-44","11:39 PM",0,"PM",1
"1420","23:40",23,40,0,"23:30-44","11:40 PM",0,"PM",1
"1421","23:41",23,41,0,"23:30-44","11:41 PM",0,"PM",1
"1422","23:42",23,42,0,"23:30-44","11:42 PM",0,"PM",1
"1423","23:43",23,43,0,"23:30-44","11:43 PM",0,"PM",1
"1424","23:44",23,44,0,"23:30-44","11:44 PM",0,"PM",1
"1425","23:45",23,45,0,"23:45-59","11:45 PM",0,"PM",1
"1426","23:46",23,46,0,"23:45-59","11:46 PM",0,"PM",1
"1427","23:47",23,47,0,"23:45-59","11:47 PM",0,"PM",1
"1428","23:48",23,48,0,"23:45-59","11:48 PM",0,"PM",1
"1429","23:49",23,49,0,"23:45-59","11:49 PM",0,"PM",1
"1430","23:50",23,50,0,"23:45-59","11:50 PM",0,"PM",1
"1431","23:51",23,51,0,"23:45-59","11:51 PM",0,"PM",1
"1432","23:52",23,52,0,"23:45-59","11:52 PM",0,"PM",1
"1433","23:53",23,53,0,"23:45-59","11:53 PM",0,"PM",1
"1434","23:54",23,54,0,"23:45-59","11:54 PM",0,"PM",1
"1435","23:55",23,55,0,"23:45-59","11:55 PM",0,"PM",1
"1436","23:56",23,56,0,"23:45-59","11:56 PM",0,"PM",1
"1437","23:57",23,57,0,"23:45-59","11:57 PM",0,"PM",1
"1438","23:58",23,58,0,"23:45-59","11:58 PM",0,"PM",1
"1439","23:59",23,59,0,"23:45-59","11:59 PM",0,"PM",1
"745","12:25",12,25,0,"12:15-29","12:25 PM",0,"PM",0
"746","12:26",12,26,0,"12:15-29","12:26 PM",0,"PM",0
"747","12:27",12,27,0,"12:15-29","12:27 PM",0,"PM",0
"748","12:28",12,28,0,"12:15-29","12:28 PM",0,"PM",0
"749","12:29",12,29,0,"12:15-29","12:29 PM",0,"PM",0
"750","12:30",12,30,0,"12:30-44","12:30 PM",0,"PM",0
"751","12:31",12,31,0,"12:30-44","12:31 PM",0,"PM",0
"752","12:32",12,32,0,"12:30-44","12:32 PM",0,"PM",0
"753","12:33",12,33,0,"12:30-44","12:33 PM",0,"PM",0
"754","12:34",12,34,0,"12:30-44","12:34 PM",0,"PM",0
"755","12:35",12,35,0,"12:30-44","12:35 PM",0,"PM",0
"756","12:36",12,36,0,"12:30-44","12:36 PM",0,"PM",0
"757","12:37",12,37,0,"12:30-44","12:37 PM",0,"PM",0
"758","12:38",12,38,0,"12:30-44","12:38 PM",0,"PM",0
"759","12:39",12,39,0,"12:30-44","12:39 PM",0,"PM",0
"760","12:40",12,40,0,"12:30-44","12:40 PM",0,"PM",0
"761","12:41",12,41,0,"12:30-44","12:41 PM",0,"PM",0
"762","12:42",12,42,0,"12:30-44","12:42 PM",0,"PM",0
"763","12:43",12,43,0,"12:30-44","12:43 PM",0,"PM",0
"764","12:44",12,44,0,"12:30-44","12:44 PM",0,"PM",0
"765","12:45",12,45,0,"12:45-59","12:45 PM",0,"PM",0
"766","12:46",12,46,0,"12:45-59","12:46 PM",0,"PM",0
"767","12:47",12,47,0,"12:45-59","12:47 PM",0,"PM",0
"768","12:48",12,48,0,"12:45-59","12:48 PM",0,"PM",0
"769","12:49",12,49,0,"12:45-59","12:49 PM",0,"PM",0
"770","12:50",12,50,0,"12:45-59","12:50 PM",0,"PM",0
"771","12:51",12,51,0,"12:45-59","12:51 PM",0,"PM",0
"772","12:52",12,52,0,"12:45-59","12:52 PM",0,"PM",0
"773","12:53",12,53,0,"12:45-59","12:53 PM",0,"PM",0
"774","12:54",12,54,0,"12:45-59","12:54 PM",0,"PM",0
"775","12:55",12,55,0,"12:45-59","12:55 PM",0,"PM",0
"776","12:56",12,56,0,"12:45-59","12:56 PM",0,"PM",0
"777","12:57",12,57,0,"12:45-59","12:57 PM",0,"PM",0
"778","12:58",12,58,0,"12:45-59","12:58 PM",0,"PM",0
"779","12:59",12,59,0,"12:45-59","12:59 PM",0,"PM",0
"780","13:00",13,0,0,"13:00-14","01:00 PM",0,"PM",0
"781","13:01",13,1,0,"13:00-14","01:01 PM",0,"PM",0
"782","13:02",13,2,0,"13:00-14","01:02 PM",0,"PM",0
"783","13:03",13,3,0,"13:00-14","01:03 PM",0,"PM",0
"784","13:04",13,4,0,"13:00-14","01:04 PM",0,"PM",0
"785","13:05",13,5,0,"13:00-14","01:05 PM",0,"PM",0
"786","13:06",13,6,0,"13:00-14","01:06 PM",0,"PM",0
"787","13:07",13,7,0,"13:00-14","01:07 PM",0,"PM",0
"788","13:08",13,8,0,"13:00-14","01:08 PM",0,"PM",0
"789","13:09",13,9,0,"13:00-14","01:09 PM",0,"PM",0
"790","13:10",13,10,0,"13:00-14","01:10 PM",0,"PM",0
"791","13:11",13,11,0,"13:00-14","01:11 PM",0,"PM",0
"792","13:12",13,12,0,"13:00-14","01:12 PM",0,"PM",0
"793","13:13",13,13,0,"13:00-14","01:13 PM",0,"PM",0
"794","13:14",13,14,0,"13:00-14","01:14 PM",0,"PM",0
"795","13:15",13,15,0,"13:15-29","01:15 PM",0,"PM",0
"796","13:16",13,16,0,"13:15-29","01:16 PM",0,"PM",0
"797","13:17",13,17,0,"13:15-29","01:17 PM",0,"PM",0
"798","13:18",13,18,0,"13:15-29","01:18 PM",0,"PM",0
"799","13:19",13,19,0,"13:15-29","01:19 PM",0,"PM",0
"800","13:20",13,20,0,"13:15-29","01:20 PM",0,"PM",0
"801","13:21",13,21,0,"13:15-29","01:21 PM",0,"PM",0
"802","13:22",13,22,0,"13:15-29","01:22 PM",0,"PM",0
"803","13:23",13,23,0,"13:15-29","01:23 PM",0,"PM",0
"804","13:24",13,24,0,"13:15-29","01:24 PM",0,"PM",0
"805","13:25",13,25,0,"13:15-29","01:25 PM",0,"PM",0
"806","13:26",13,26,0,"13:15-29","01:26 PM",0,"PM",0
"807","13:27",13,27,0,"13:15-29","01:27 PM",0,"PM",0
"808","13:28",13,28,0,"13:15-29","01:28 PM",0,"PM",0
"809","13:29",13,29,0,"13:15-29","01:29 PM",0,"PM",0
"810","13:30",13,30,0,"13:30-44","01:30 PM",0,"PM",0
"811","13:31",13,31,0,"13:30-44","01:31 PM",0,"PM",0
"812","13:32",13,32,0,"13:30-44","01:32 PM",0,"PM",0
"813","13:33",13,33,0,"13:30-44","01:33 PM",0,"PM",0
"814","13:34",13,34,0,"13:30-44","01:34 PM",0,"PM",0
"815","13:35",13,35,0,"13:30-44","01:35 PM",0,"PM",0
"816","13:36",13,36,0,"13:30-44","01:36 PM",0,"PM",0
"817","13:37",13,37,0,"13:30-44","01:37 PM",0,"PM",0
"818","13:38",13,38,0,"13:30-44","01:38 PM",0,"PM",0
"819","13:39",13,39,0,"13:30-44","01:39 PM",0,"PM",0
"820","13:40",13,40,0,"13:30-44","01:40 PM",0,"PM",0
"821","13:41",13,41,0,"13:30-44","01:41 PM",0,"PM",0
"822","13:42",13,42,0,"13:30-44","01:42 PM",0,"PM",0
"823","13:43",13,43,0,"13:30-44","01:43 PM",0,"PM",0
"824","13:44",13,44,0,"13:30-44","01:44 PM",0,"PM",0
"825","13:45",13,45,0,"13:45-59","01:45 PM",0,"PM",0
"826","13:46",13,46,0,"13:45-59","01:46 PM",0,"PM",0
"827","13:47",13,47,0,"13:45-59","01:47 PM",0,"PM",0
"828","13:48",13,48,0,"13:45-59","01:48 PM",0,"PM",0
"829","13:49",13,49,0,"13:45-59","01:49 PM",0,"PM",0
"830","13:50",13,50,0,"13:45-59","01:50 PM",0,"PM",0
"831","13:51",13,51,0,"13:45-59","01:51 PM",0,"PM",0
"832","13:52",13,52,0,"13:45-59","01:52 PM",0,"PM",0
"833","13:53",13,53,0,"13:45-59","01:53 PM",0,"PM",0
"834","13:54",13,54,0,"13:45-59","01:54 PM",0,"PM",0
"835","13:55",13,55,0,"13:45-59","01:55 PM",0,"PM",0
"836","13:56",13,56,0,"13:45-59","01:56 PM",0,"PM",0
"837","13:57",13,57,0,"13:45-59","01:57 PM",0,"PM",0
"838","13:58",13,58,0,"13:45-59","01:58 PM",0,"PM",0
"839","13:59",13,59,0,"13:45-59","01:59 PM",0,"PM",0
"840","14:00",14,0,0,"14:00-14","02:00 PM",0,"PM",0
"841","14:01",14,1,0,"14:00-14","02:01 PM",0,"PM",0
"842","14:02",14,2,0,"14:00-14","02:02 PM",0,"PM",0
"843","14:03",14,3,0,"14:00-14","02:03 PM",0,"PM",0
"844","14:04",14,4,0,"14:00-14","02:04 PM",0,"PM",0
"845","14:05",14,5,0,"14:00-14","02:05 PM",0,"PM",0
"846","14:06",14,6,0,"14:00-14","02:06 PM",0,"PM",0
"847","14:07",14,7,0,"14:00-14","02:07 PM",0,"PM",0
"848","14:08",14,8,0,"14:00-14","02:08 PM",0,"PM",0
"849","14:09",14,9,0,"14:00-14","02:09 PM",0,"PM",0
"850","14:10",14,10,0,"14:00-14","02:10 PM",0,"PM",0
"851","14:11",14,11,0,"14:00-14","02:11 PM",0,"PM",0
"852","14:12",14,12,0,"14:00-14","02:12 PM",0,"PM",0
"853","14:13",14,13,0,"14:00-14","02:13 PM",0,"PM",0
"854","14:14",14,14,0,"14:00-14","02:14 PM",0,"PM",0
"855","14:15",14,15,0,"14:15-29","02:15 PM",0,"PM",0
"856","14:16",14,16,0,"14:15-29","02:16 PM",0,"PM",0
"857","14:17",14,17,0,"14:15-29","02:17 PM",0,"PM",0
"858","14:18",14,18,0,"14:15-29","02:18 PM",0,"PM",0
"859","14:19",14,19,0,"14:15-29","02:19 PM",0,"PM",0
"860","14:20",14,20,0,"14:15-29","02:20 PM",0,"PM",0
"861","14:21",14,21,0,"14:15-29","02:21 PM",0,"PM",0
"862","14:22",14,22,0,"14:15-29","02:22 PM",0,"PM",0
"863","14:23",14,23,0,"14:15-29","02:23 PM",0,"PM",0
"864","14:24",14,24,0,"14:15-29","02:24 PM",0,"PM",0
"865","14:25",14,25,0,"14:15-29","02:25 PM",0,"PM",0
"866","14:26",14,26,0,"14:15-29","02:26 PM",0,"PM",0
"867","14:27",14,27,0,"14:15-29","02:27 PM",0,"PM",0
"868","14:28",14,28,0,"14:15-29","02:28 PM",0,"PM",0
"869","14:29",14,29,0,"14:15-29","02:29 PM",0,"PM",0
"870","14:30",14,30,0,"14:30-44","02:30 PM",0,"PM",0
"871","14:31",14,31,0,"14:30-44","02:31 PM",0,"PM",0
"872","14:32",14,32,0,"14:30-44","02:32 PM",0,"PM",0
"873","14:33",14,33,0,"14:30-44","02:33 PM",0,"PM",0
"874","14:34",14,34,0,"14:30-44","02:34 PM",0,"PM",0
"875","14:35",14,35,0,"14:30-44","02:35 PM",0,"PM",0
"876","14:36",14,36,0,"14:30-44","02:36 PM",0,"PM",0
"877","14:37",14,37,0,"14:30-44","02:37 PM",0,"PM",0
"878","14:38",14,38,0,"14:30-44","02:38 PM",0,"PM",0
"879","14:39",14,39,0,"14:30-44","02:39 PM",0,"PM",0
"880","14:40",14,40,0,"14:30-44","02:40 PM",0,"PM",0
"881","14:41",14,41,0,"14:30-44","02:41 PM",0,"PM",0
"882","14:42",14,42,0,"14:30-44","02:42 PM",0,"PM",0
"883","14:43",14,43,0,"14:30-44","02:43 PM",0,"PM",0
"884","14:44",14,44,0,"14:30-44","02:44 PM",0,"PM",0
"885","14:45",14,45,0,"14:45-59","02:45 PM",0,"PM",0
"886","14:46",14,46,0,"14:45-59","02:46 PM",0,"PM",0
"887","14:47",14,47,0,"14:45-59","02:47 PM",0,"PM",0
"888","14:48",14,48,0,"14:45-59","02:48 PM",0,"PM",0
"889","14:49",14,49,0,"14:45-59","02:49 PM",0,"PM",0
"890","14:50",14,50,0,"14:45-59","02:50 PM",0,"PM",0
"891","14:51",14,51,0,"14:45-59","02:51 PM",0,"PM",0
"892","14:52",14,52,0,"14:45-59","02:52 PM",0,"PM",0
"893","14:53",14,53,0,"14:45-59","02:53 PM",0,"PM",0
"894","14:54",14,54,0,"14:45-59","02:54 PM",0,"PM",0
"895","14:55",14,55,0,"14:45-59","02:55 PM",0,"PM",0
"896","14:56",14,56,0,"14:45-59","02:56 PM",0,"PM",0
"897","14:57",14,57,0,"14:45-59","02:57 PM",0,"PM",0
"898","14:58",14,58,0,"14:45-59","02:58 PM",0,"PM",0
"899","14:59",14,59,0,"14:45-59","02:59 PM",0,"PM",0
"900","15:00",15,0,0,"15:00-14","03:00 PM",0,"PM",0
"901","15:01",15,1,0,"15:00-14","03:01 PM",0,"PM",0
"902","15:02",15,2,0,"15:00-14","03:02 PM",0,"PM",0
"903","15:03",15,3,0,"15:00-14","03:03 PM",0,"PM",0
"904","15:04",15,4,0,"15:00-14","03:04 PM",0,"PM",0
"905","15:05",15,5,0,"15:00-14","03:05 PM",0,"PM",0
"906","15:06",15,6,0,"15:00-14","03:06 PM",0,"PM",0
"907","15:07",15,7,0,"15:00-14","03:07 PM",0,"PM",0
"908","15:08",15,8,0,"15:00-14","03:08 PM",0,"PM",0
"909","15:09",15,9,0,"15:00-14","03:09 PM",0,"PM",0
"910","15:10",15,10,0,"15:00-14","03:10 PM",0,"PM",0
"911","15:11",15,11,0,"15:00-14","03:11 PM",0,"PM",0
"912","15:12",15,12,0,"15:00-14","03:12 PM",0,"PM",0
"913","15:13",15,13,0,"15:00-14","03:13 PM",0,"PM",0
"914","15:14",15,14,0,"15:00-14","03:14 PM",0,"PM",0
"915","15:15",15,15,0,"15:15-29","03:15 PM",0,"PM",0
"916","15:16",15,16,0,"15:15-29","03:16 PM",0,"PM",0
"917","15:17",15,17,0,"15:15-29","03:17 PM",0,"PM",0
"918","15:18",15,18,0,"15:15-29","03:18 PM",0,"PM",0
"919","15:19",15,19,0,"15:15-29","03:19 PM",0,"PM",0
"920","15:20",15,20,0,"15:15-29","03:20 PM",0,"PM",0
"921","15:21",15,21,0,"15:15-29","03:21 PM",0,"PM",0
"922","15:22",15,22,0,"15:15-29","03:22 PM",0,"PM",0
"923","15:23",15,23,0,"15:15-29","03:23 PM",0,"PM",0
"924","15:24",15,24,0,"15:15-29","03:24 PM",0,"PM",0
"925","15:25",15,25,0,"15:15-29","03:25 PM",0,"PM",0
"926","15:26",15,26,0,"15:15-29","03:26 PM",0,"PM",0
"927","15:27",15,27,0,"15:15-29","03:27 PM",0,"PM",0
"928","15:28",15,28,0,"15:15-29","03:28 PM",0,"PM",0
"929","15:29",15,29,0,"15:15-29","03:29 PM",0,"PM",0
"930","15:30",15,30,0,"15:30-44","03:30 PM",0,"PM",0
"931","15:31",15,31,0,"15:30-44","03:31 PM",0,"PM",0
"932","15:32",15,32,0,"15:30-44","03:32 PM",0,"PM",0
"933","15:33",15,33,0,"15:30-44","03:33 PM",0,"PM",0
"934","15:34",15,34,0,"15:30-44","03:34 PM",0,"PM",0
"935","15:35",15,35,0,"15:30-44","03:35 PM",0,"PM",0
"936","15:36",15,36,0,"15:30-44","03:36 PM",0,"PM",0
"937","15:37",15,37,0,"15:30-44","03:37 PM",0,"PM",0
"938","15:38",15,38,0,"15:30-44","03:38 PM",0,"PM",0
"939","15:39",15,39,0,"15:30-44","03:39 PM",0,"PM",0
"940","15:40",15,40,0,"15:30-44","03:40 PM",0,"PM",0
"941","15:41",15,41,0,"15:30-44","03:41 PM",0,"PM",0
"942","15:42",15,42,0,"15:30-44","03:42 PM",0,"PM",0
"943","15:43",15,43,0,"15:30-44","03:43 PM",0,"PM",0
"944","15:44",15,44,0,"15:30-44","03:44 PM",0,"PM",0
"945","15:45",15,45,0,"15:45-59","03:45 PM",0,"PM",0
"946","15:46",15,46,0,"15:45-59","03:46 PM",0,"PM",0
"947","15:47",15,47,0,"15:45-59","03:47 PM",0,"PM",0
"948","15:48",15,48,0,"15:45-59","03:48 PM",0,"PM",0
"949","15:49",15,49,0,"15:45-59","03:49 PM",0,"PM",0
"950","15:50",15,50,0,"15:45-59","03:50 PM",0,"PM",0
"951","15:51",15,51,0,"15:45-59","03:51 PM",0,"PM",0
"952","15:52",15,52,0,"15:45-59","03:52 PM",0,"PM",0
"953","15:53",15,53,0,"15:45-59","03:53 PM",0,"PM",0
"954","15:54",15,54,0,"15:45-59","03:54 PM",0,"PM",0
"955","15:55",15,55,0,"15:45-59","03:55 PM",0,"PM",0
"956","15:56",15,56,0,"15:45-59","03:56 PM",0,"PM",0
"957","15:57",15,57,0,"15:45-59","03:57 PM",0,"PM",0
"958","15:58",15,58,0,"15:45-59","03:58 PM",0,"PM",0
"959","15:59",15,59,0,"15:45-59","03:59 PM",0,"PM",0
"960","16:00",16,0,0,"16:00-14","04:00 PM",0,"PM",0
"961","16:01",16,1,0,"16:00-14","04:01 PM",0,"PM",0
"962","16:02",16,2,0,"16:00-14","04:02 PM",0,"PM",0
"963","16:03",16,3,0,"16:00-14","04:03 PM",0,"PM",0
"964","16:04",16,4,0,"16:00-14","04:04 PM",0,"PM",0
"965","16:05",16,5,0,"16:00-14","04:05 PM",0,"PM",0
"966","16:06",16,6,0,"16:00-14","04:06 PM",0,"PM",0
"967","16:07",16,7,0,"16:00-14","04:07 PM",0,"PM",0
"968","16:08",16,8,0,"16:00-14","04:08 PM",0,"PM",0
"969","16:09",16,9,0,"16:00-14","04:09 PM",0,"PM",0
"970","16:10",16,10,0,"16:00-14","04:10 PM",0,"PM",0
"971","16:11",16,11,0,"16:00-14","04:11 PM",0,"PM",0
"972","16:12",16,12,0,"16:00-14","04:12 PM",0,"PM",0
"973","16:13",16,13,0,"16:00-14","04:13 PM",0,"PM",0
"974","16:14",16,14,0,"16:00-14","04:14 PM",0,"PM",0
"975","16:15",16,15,0,"16:15-29","04:15 PM",0,"PM",0
"976","16:16",16,16,0,"16:15-29","04:16 PM",0,"PM",0
"977","16:17",16,17,0,"16:15-29","04:17 PM",0,"PM",0
"978","16:18",16,18,0,"16:15-29","04:18 PM",0,"PM",0
"979","16:19",16,19,0,"16:15-29","04:19 PM",0,"PM",0
"980","16:20",16,20,0,"16:15-29","04:20 PM",0,"PM",0
"981","16:21",16,21,0,"16:15-29","04:21 PM",0,"PM",0
"982","16:22",16,22,0,"16:15-29","04:22 PM",0,"PM",0
"983","16:23",16,23,0,"16:15-29","04:23 PM",0,"PM",0
"984","16:24",16,24,0,"16:15-29","04:24 PM",0,"PM",0
"985","16:25",16,25,0,"16:15-29","04:25 PM",0,"PM",0
"986","16:26",16,26,0,"16:15-29","04:26 PM",0,"PM",0
"987","16:27",16,27,0,"16:15-29","04:27 PM",0,"PM",0
"988","16:28",16,28,0,"16:15-29","04:28 PM",0,"PM",0
"989","16:29",16,29,0,"16:15-29","04:29 PM",0,"PM",0
"990","16:30",16,30,0,"16:30-44","04:30 PM",0,"PM",0
"991","16:31",16,31,0,"16:30-44","04:31 PM",0,"PM",0
"992","16:32",16,32,0,"16:30-44","04:32 PM",0,"PM",0
"993","16:33",16,33,0,"16:30-44","04:33 PM",0,"PM",0
"994","16:34",16,34,0,"16:30-44","04:34 PM",0,"PM",0
"995","16:35",16,35,0,"16:30-44","04:35 PM",0,"PM",0
"996","16:36",16,36,0,"16:30-44","04:36 PM",0,"PM",0
"997","16:37",16,37,0,"16:30-44","04:37 PM",0,"PM",0
"998","16:38",16,38,0,"16:30-44","04:38 PM",0,"PM",0
"999","16:39",16,39,0,"16:30-44","04:39 PM",0,"PM",0
"1000","16:40",16,40,0,"16:30-44","04:40 PM",0,"PM",0
"1001","16:41",16,41,0,"16:30-44","04:41 PM",0,"PM",0
"1002","16:42",16,42,0,"16:30-44","04:42 PM",0,"PM",0
"1003","16:43",16,43,0,"16:30-44","04:43 PM",0,"PM",0
"1004","16:44",16,44,0,"16:30-44","04:44 PM",0,"PM",0
"1005","16:45",16,45,0,"16:45-59","04:45 PM",0,"PM",0
"1006","16:46",16,46,0,"16:45-59","04:46 PM",0,"PM",0
"1007","16:47",16,47,0,"16:45-59","04:47 PM",0,"PM",0
"1008","16:48",16,48,0,"16:45-59","04:48 PM",0,"PM",0
"1009","16:49",16,49,0,"16:45-59","04:49 PM",0,"PM",0
"1010","16:50",16,50,0,"16:45-59","04:50 PM",0,"PM",0
"1011","16:51",16,51,0,"16:45-59","04:51 PM",0,"PM",0
"1012","16:52",16,52,0,"16:45-59","04:52 PM",0,"PM",0
"1013","16:53",16,53,0,"16:45-59","04:53 PM",0,"PM",0
"1014","16:54",16,54,0,"16:45-59","04:54 PM",0,"PM",0
"1015","16:55",16,55,0,"16:45-59","04:55 PM",0,"PM",0
"1016","16:56",16,56,0,"16:45-59","04:56 PM",0,"PM",0
"1017","16:57",16,57,0,"16:45-59","04:57 PM",0,"PM",0
"1018","16:58",16,58,0,"16:45-59","04:58 PM",0,"PM",0
"1019","16:59",16,59,0,"16:45-59","04:59 PM",0,"PM",0
"1020","17:00",17,0,0,"17:00-14","05:00 PM",1,"PM",0
"1021","17:01",17,1,0,"17:00-14","05:01 PM",1,"PM",0
"1022","17:02",17,2,0,"17:00-14","05:02 PM",1,"PM",0
"1023","17:03",17,3,0,"17:00-14","05:03 PM",1,"PM",0
"1024","17:04",17,4,0,"17:00-14","05:04 PM",1,"PM",0
"1025","17:05",17,5,0,"17:00-14","05:05 PM",1,"PM",0
"1026","17:06",17,6,0,"17:00-14","05:06 PM",1,"PM",0
"1027","17:07",17,7,0,"17:00-14","05:07 PM",1,"PM",0
"1028","17:08",17,8,0,"17:00-14","05:08 PM",1,"PM",0
"1029","17:09",17,9,0,"17:00-14","05:09 PM",1,"PM",0
"1030","17:10",17,10,0,"17:00-14","05:10 PM",1,"PM",0
"1031","17:11",17,11,0,"17:00-14","05:11 PM",1,"PM",0
"1032","17:12",17,12,0,"17:00-14","05:12 PM",1,"PM",0
"1033","17:13",17,13,0,"17:00-14","05:13 PM",1,"PM",0
"1034","17:14",17,14,0,"17:00-14","05:14 PM",1,"PM",0
"1035","17:15",17,15,0,"17:15-29","05:15 PM",1,"PM",0
"1036","17:16",17,16,0,"17:15-29","05:16 PM",1,"PM",0
"1037","17:17",17,17,0,"17:15-29","05:17 PM",1,"PM",0
"1038","17:18",17,18,0,"17:15-29","05:18 PM",1,"PM",0
"1039","17:19",17,19,0,"17:15-29","05:19 PM",1,"PM",0
"1040","17:20",17,20,0,"17:15-29","05:20 PM",1,"PM",0
"1041","17:21",17,21,0,"17:15-29","05:21 PM",1,"PM",0
"1042","17:22",17,22,0,"17:15-29","05:22 PM",1,"PM",0
"1043","17:23",17,23,0,"17:15-29","05:23 PM",1,"PM",0
"1044","17:24",17,24,0,"17:15-29","05:24 PM",1,"PM",0
"1045","17:25",17,25,0,"17:15-29","05:25 PM",1,"PM",0
"1046","17:26",17,26,0,"17:15-29","05:26 PM",1,"PM",0
"1047","17:27",17,27,0,"17:15-29","05:27 PM",1,"PM",0
"1048","17:28",17,28,0,"17:15-29","05:28 PM",1,"PM",0
"1049","17:29",17,29,0,"17:15-29","05:29 PM",1,"PM",0
"1050","17:30",17,30,0,"17:30-44","05:30 PM",1,"PM",0
"1051","17:31",17,31,0,"17:30-44","05:31 PM",1,"PM",0
"1052","17:32",17,32,0,"17:30-44","05:32 PM",1,"PM",0
"1053","17:33",17,33,0,"17:30-44","05:33 PM",1,"PM",0
"1054","17:34",17,34,0,"17:30-44","05:34 PM",1,"PM",0
"1055","17:35",17,35,0,"17:30-44","05:35 PM",1,"PM",0
"1056","17:36",17,36,0,"17:30-44","05:36 PM",1,"PM",0
"1057","17:37",17,37,0,"17:30-44","05:37 PM",1,"PM",0
"1058","17:38",17,38,0,"17:30-44","05:38 PM",1,"PM",0
"1059","17:39",17,39,0,"17:30-44","05:39 PM",1,"PM",0
"1060","17:40",17,40,0,"17:30-44","05:40 PM",1,"PM",0
"1061","17:41",17,41,0,"17:30-44","05:41 PM",1,"PM",0
"1062","17:42",17,42,0,"17:30-44","05:42 PM",1,"PM",0
"1063","17:43",17,43,0,"17:30-44","05:43 PM",1,"PM",0
"1064","17:44",17,44,0,"17:30-44","05:44 PM",1,"PM",0
"1065","17:45",17,45,0,"17:45-59","05:45 PM",1,"PM",0
"1066","17:46",17,46,0,"17:45-59","05:46 PM",1,"PM",0
"1067","17:47",17,47,0,"17:45-59","05:47 PM",1,"PM",0
"1068","17:48",17,48,0,"17:45-59","05:48 PM",1,"PM",0
"1069","17:49",17,49,0,"17:45-59","05:49 PM",1,"PM",0
"1070","17:50",17,50,0,"17:45-59","05:50 PM",1,"PM",0
"1071","17:51",17,51,0,"17:45-59","05:51 PM",1,"PM",0
"1072","17:52",17,52,0,"17:45-59","05:52 PM",1,"PM",0
"1073","17:53",17,53,0,"17:45-59","05:53 PM",1,"PM",0
"1074","17:54",17,54,0,"17:45-59","05:54 PM",1,"PM",0
"1075","17:55",17,55,0,"17:45-59","05:55 PM",1,"PM",0
"1076","17:56",17,56,0,"17:45-59","05:56 PM",1,"PM",0
"1077","17:57",17,57,0,"17:45-59","05:57 PM",1,"PM",0
"1078","17:58",17,58,0,"17:45-59","05:58 PM",1,"PM",0
"1079","17:59",17,59,0,"17:45-59","05:59 PM",1,"PM",0
"1080","18:00",18,0,0,"18:00-14","06:00 PM",1,"PM",0
"1081","18:01",18,1,0,"18:00-14","06:01 PM",1,"PM",0
"1082","18:02",18,2,0,"18:00-14","06:02 PM",1,"PM",0
"1083","18:03",18,3,0,"18:00-14","06:03 PM",1,"PM",0
"1084","18:04",18,4,0,"18:00-14","06:04 PM",1,"PM",0
"1085","18:05",18,5,0,"18:00-14","06:05 PM",1,"PM",0
"1086","18:06",18,6,0,"18:00-14","06:06 PM",1,"PM",0
"1087","18:07",18,7,0,"18:00-14","06:07 PM",1,"PM",0
"1088","18:08",18,8,0,"18:00-14","06:08 PM",1,"PM",0
"1089","18:09",18,9,0,"18:00-14","06:09 PM",1,"PM",0
"1090","18:10",18,10,0,"18:00-14","06:10 PM",1,"PM",0
"1091","18:11",18,11,0,"18:00-14","06:11 PM",1,"PM",0
"1092","18:12",18,12,0,"18:00-14","06:12 PM",1,"PM",0
"1093","18:13",18,13,0,"18:00-14","06:13 PM",1,"PM",0
"1094","18:14",18,14,0,"18:00-14","06:14 PM",1,"PM",0
"1095","18:15",18,15,0,"18:15-29","06:15 PM",1,"PM",0
"1096","18:16",18,16,0,"18:15-29","06:16 PM",1,"PM",0
"1097","18:17",18,17,0,"18:15-29","06:17 PM",1,"PM",0
"1098","18:18",18,18,0,"18:15-29","06:18 PM",1,"PM",0
"1099","18:19",18,19,0,"18:15-29","06:19 PM",1,"PM",0
"1100","18:20",18,20,0,"18:15-29","06:20 PM",1,"PM",0
"1101","18:21",18,21,0,"18:15-29","06:21 PM",1,"PM",0
"1102","18:22",18,22,0,"18:15-29","06:22 PM",1,"PM",0
"1103","18:23",18,23,0,"18:15-29","06:23 PM",1,"PM",0
"1104","18:24",18,24,0,"18:15-29","06:24 PM",1,"PM",0
"1105","18:25",18,25,0,"18:15-29","06:25 PM",1,"PM",0
"1106","18:26",18,26,0,"18:15-29","06:26 PM",1,"PM",0
"1107","18:27",18,27,0,"18:15-29","06:27 PM",1,"PM",0
"1108","18:28",18,28,0,"18:15-29","06:28 PM",1,"PM",0
"1109","18:29",18,29,0,"18:15-29","06:29 PM",1,"PM",0
"1110","18:30",18,30,0,"18:30-44","06:30 PM",1,"PM",0
"1111","18:31",18,31,0,"18:30-44","06:31 PM",1,"PM",0
"1112","18:32",18,32,0,"18:30-44","06:32 PM",1,"PM",0
"1113","18:33",18,33,0,"18:30-44","06:33 PM",1,"PM",0
"1114","18:34",18,34,0,"18:30-44","06:34 PM",1,"PM",0
"1115","18:35",18,35,0,"18:30-44","06:35 PM",1,"PM",0
"1116","18:36",18,36,0,"18:30-44","06:36 PM",1,"PM",0
"1117","18:37",18,37,0,"18:30-44","06:37 PM",1,"PM",0
"1118","18:38",18,38,0,"18:30-44","06:38 PM",1,"PM",0
"1119","18:39",18,39,0,"18:30-44","06:39 PM",1,"PM",0
"1120","18:40",18,40,0,"18:30-44","06:40 PM",1,"PM",0
"1121","18:41",18,41,0,"18:30-44","06:41 PM",1,"PM",0
"1122","18:42",18,42,0,"18:30-44","06:42 PM",1,"PM",0
"1123","18:43",18,43,0,"18:30-44","06:43 PM",1,"PM",0
"1124","18:44",18,44,0,"18:30-44","06:44 PM",1,"PM",0
"1125","18:45",18,45,0,"18:45-59","06:45 PM",1,"PM",0
"1126","18:46",18,46,0,"18:45-59","06:46 PM",1,"PM",0
"1127","18:47",18,47,0,"18:45-59","06:47 PM",1,"PM",0
"1128","18:48",18,48,0,"18:45-59","06:48 PM",1,"PM",0
"1129","18:49",18,49,0,"18:45-59","06:49 PM",1,"PM",0
"1130","18:50",18,50,0,"18:45-59","06:50 PM",1,"PM",0
"1131","18:51",18,51,0,"18:45-59","06:51 PM",1,"PM",0
"1132","18:52",18,52,0,"18:45-59","06:52 PM",1,"PM",0
"1133","18:53",18,53,0,"18:45-59","06:53 PM",1,"PM",0
"1134","18:54",18,54,0,"18:45-59","06:54 PM",1,"PM",0
"1135","18:55",18,55,0,"18:45-59","06:55 PM",1,"PM",0
"1136","18:56",18,56,0,"18:45-59","06:56 PM",1,"PM",0
"1137","18:57",18,57,0,"18:45-59","06:57 PM",1,"PM",0
"1138","18:58",18,58,0,"18:45-59","06:58 PM",1,"PM",0
"1139","18:59",18,59,0,"18:45-59","06:59 PM",1,"PM",0
"1140","19:00",19,0,0,"19:00-14","07:00 PM",1,"PM",0
"1141","19:01",19,1,0,"19:00-14","07:01 PM",1,"PM",0
"1142","19:02",19,2,0,"19:00-14","07:02 PM",1,"PM",0
"1143","19:03",19,3,0,"19:00-14","07:03 PM",1,"PM",0
"1144","19:04",19,4,0,"19:00-14","07:04 PM",1,"PM",0
"1145","19:05",19,5,0,"19:00-14","07:05 PM",1,"PM",0
"1146","19:06",19,6,0,"19:00-14","07:06 PM",1,"PM",0
"1147","19:07",19,7,0,"19:00-14","07:07 PM",1,"PM",0
"1148","19:08",19,8,0,"19:00-14","07:08 PM",1,"PM",0
"1149","19:09",19,9,0,"19:00-14","07:09 PM",1,"PM",0
"1150","19:10",19,10,0,"19:00-14","07:10 PM",1,"PM",0
"1151","19:11",19,11,0,"19:00-14","07:11 PM",1,"PM",0
"1152","19:12",19,12,0,"19:00-14","07:12 PM",1,"PM",0
"1153","19:13",19,13,0,"19:00-14","07:13 PM",1,"PM",0
"1154","19:14",19,14,0,"19:00-14","07:14 PM",1,"PM",0
"1155","19:15",19,15,0,"19:15-29","07:15 PM",1,"PM",0
"1156","19:16",19,16,0,"19:15-29","07:16 PM",1,"PM",0
"1157","19:17",19,17,0,"19:15-29","07:17 PM",1,"PM",0
"1158","19:18",19,18,0,"19:15-29","07:18 PM",1,"PM",0
"1159","19:19",19,19,0,"19:15-29","07:19 PM",1,"PM",0
"1160","19:20",19,20,0,"19:15-29","07:20 PM",1,"PM",0
"1161","19:21",19,21,0,"19:15-29","07:21 PM",1,"PM",0
"1162","19:22",19,22,0,"19:15-29","07:22 PM",1,"PM",0
"1163","19:23",19,23,0,"19:15-29","07:23 PM",1,"PM",0
"1164","19:24",19,24,0,"19:15-29","07:24 PM",1,"PM",0
"1165","19:25",19,25,0,"19:15-29","07:25 PM",1,"PM",0
"1166","19:26",19,26,0,"19:15-29","07:26 PM",1,"PM",0
"1167","19:27",19,27,0,"19:15-29","07:27 PM",1,"PM",0
"1168","19:28",19,28,0,"19:15-29","07:28 PM",1,"PM",0
"1169","19:29",19,29,0,"19:15-29","07:29 PM",1,"PM",0
"1170","19:30",19,30,0,"19:30-44","07:30 PM",1,"PM",0
"1171","19:31",19,31,0,"19:30-44","07:31 PM",1,"PM",0
"1172","19:32",19,32,0,"19:30-44","07:32 PM",1,"PM",0
"1173","19:33",19,33,0,"19:30-44","07:33 PM",1,"PM",0
"1174","19:34",19,34,0,"19:30-44","07:34 PM",1,"PM",0
"1175","19:35",19,35,0,"19:30-44","07:35 PM",1,"PM",0
"1176","19:36",19,36,0,"19:30-44","07:36 PM",1,"PM",0
"1177","19:37",19,37,0,"19:30-44","07:37 PM",1,"PM",0
"1178","19:38",19,38,0,"19:30-44","07:38 PM",1,"PM",0
"1179","19:39",19,39,0,"19:30-44","07:39 PM",1,"PM",0
"1180","19:40",19,40,0,"19:30-44","07:40 PM",1,"PM",0
"1181","19:41",19,41,0,"19:30-44","07:41 PM",1,"PM",0
"1182","19:42",19,42,0,"19:30-44","07:42 PM",1,"PM",0
"1183","19:43",19,43,0,"19:30-44","07:43 PM",1,"PM",0
"1184","19:44",19,44,0,"19:30-44","07:44 PM",1,"PM",0
"1185","19:45",19,45,0,"19:45-59","07:45 PM",1,"PM",0
"1186","19:46",19,46,0,"19:45-59","07:46 PM",1,"PM",0
"1187","19:47",19,47,0,"19:45-59","07:47 PM",1,"PM",0
"1188","19:48",19,48,0,"19:45-59","07:48 PM",1,"PM",0
"1189","19:49",19,49,0,"19:45-59","07:49 PM",1,"PM",0
"1190","19:50",19,50,0,"19:45-59","07:50 PM",1,"PM",0
"1191","19:51",19,51,0,"19:45-59","07:51 PM",1,"PM",0
"1192","19:52",19,52,0,"19:45-59","07:52 PM",1,"PM",0
"1193","19:53",19,53,0,"19:45-59","07:53 PM",1,"PM",0
"1194","19:54",19,54,0,"19:45-59","07:54 PM",1,"PM",0
"1195","19:55",19,55,0,"19:45-59","07:55 PM",1,"PM",0
"1196","19:56",19,56,0,"19:45-59","07:56 PM",1,"PM",0
"1197","19:57",19,57,0,"19:45-59","07:57 PM",1,"PM",0
"1198","19:58",19,58,0,"19:45-59","07:58 PM",1,"PM",0
"1199","19:59",19,59,0,"19:45-59","07:59 PM",1,"PM",0
"1200","20:00",20,0,0,"20:00-14","08:00 PM",0,"PM",0
"1201","20:01",20,1,0,"20:00-14","08:01 PM",0,"PM",0
"1202","20:02",20,2,0,"20:00-14","08:02 PM",0,"PM",0
"1203","20:03",20,3,0,"20:00-14","08:03 PM",0,"PM",0
"1204","20:04",20,4,0,"20:00-14","08:04 PM",0,"PM",0
"1205","20:05",20,5,0,"20:00-14","08:05 PM",0,"PM",0
"1206","20:06",20,6,0,"20:00-14","08:06 PM",0,"PM",0
"1207","20:07",20,7,0,"20:00-14","08:07 PM",0,"PM",0
"1208","20:08",20,8,0,"20:00-14","08:08 PM",0,"PM",0
"1209","20:09",20,9,0,"20:00-14","08:09 PM",0,"PM",0
"1210","20:10",20,10,0,"20:00-14","08:10 PM",0,"PM",0
"1211","20:11",20,11,0,"20:00-14","08:11 PM",0,"PM",0
"1212","20:12",20,12,0,"20:00-14","08:12 PM",0,"PM",0
"1213","20:13",20,13,0,"20:00-14","08:13 PM",0,"PM",0
"1214","20:14",20,14,0,"20:00-14","08:14 PM",0,"PM",0
"1215","20:15",20,15,0,"20:15-29","08:15 PM",0,"PM",0
"1216","20:16",20,16,0,"20:15-29","08:16 PM",0,"PM",0
"1217","20:17",20,17,0,"20:15-29","08:17 PM",0,"PM",0
"1218","20:18",20,18,0,"20:15-29","08:18 PM",0,"PM",0
"1219","20:19",20,19,0,"20:15-29","08:19 PM",0,"PM",0
"1220","20:20",20,20,0,"20:15-29","08:20 PM",0,"PM",0
"1221","20:21",20,21,0,"20:15-29","08:21 PM",0,"PM",0
"1222","20:22",20,22,0,"20:15-29","08:22 PM",0,"PM",0
"1223","20:23",20,23,0,"20:15-29","08:23 PM",0,"PM",0
"1224","20:24",20,24,0,"20:15-29","08:24 PM",0,"PM",0
"1225","20:25",20,25,0,"20:15-29","08:25 PM",0,"PM",0
"1226","20:26",20,26,0,"20:15-29","08:26 PM",0,"PM",0
"1227","20:27",20,27,0,"20:15-29","08:27 PM",0,"PM",0
"1228","20:28",20,28,0,"20:15-29","08:28 PM",0,"PM",0
"1229","20:29",20,29,0,"20:15-29","08:29 PM",0,"PM",0
"1230","20:30",20,30,0,"20:30-44","08:30 PM",0,"PM",0
"1231","20:31",20,31,0,"20:30-44","08:31 PM",0,"PM",0
"1232","20:32",20,32,0,"20:30-44","08:32 PM",0,"PM",0
"1233","20:33",20,33,0,"20:30-44","08:33 PM",0,"PM",0
"1234","20:34",20,34,0,"20:30-44","08:34 PM",0,"PM",0
"1235","20:35",20,35,0,"20:30-44","08:35 PM",0,"PM",0
"1236","20:36",20,36,0,"20:30-44","08:36 PM",0,"PM",0
"1237","20:37",20,37,0,"20:30-44","08:37 PM",0,"PM",0
"1238","20:38",20,38,0,"20:30-44","08:38 PM",0,"PM",0
"1239","20:39",20,39,0,"20:30-44","08:39 PM",0,"PM",0
"1240","20:40",20,40,0,"20:30-44","08:40 PM",0,"PM",0
"1241","20:41",20,41,0,"20:30-44","08:41 PM",0,"PM",0
"1242","20:42",20,42,0,"20:30-44","08:42 PM",0,"PM",0
"1243","20:43",20,43,0,"20:30-44","08:43 PM",0,"PM",0
"1244","20:44",20,44,0,"20:30-44","08:44 PM",0,"PM",0
"1245","20:45",20,45,0,"20:45-59","08:45 PM",0,"PM",0
"1246","20:46",20,46,0,"20:45-59","08:46 PM",0,"PM",0
"1247","20:47",20,47,0,"20:45-59","08:47 PM",0,"PM",0
"1248","20:48",20,48,0,"20:45-59","08:48 PM",0,"PM",0
"1249","20:49",20,49,0,"20:45-59","08:49 PM",0,"PM",0
"1250","20:50",20,50,0,"20:45-59","08:50 PM",0,"PM",0
"1251","20:51",20,51,0,"20:45-59","08:51 PM",0,"PM",0
"1252","20:52",20,52,0,"20:45-59","08:52 PM",0,"PM",0
"1253","20:53",20,53,0,"20:45-59","08:53 PM",0,"PM",0
"1254","20:54",20,54,0,"20:45-59","08:54 PM",0,"PM",0
"1255","20:55",20,55,0,"20:45-59","08:55 PM",0,"PM",0
"1256","20:56",20,56,0,"20:45-59","08:56 PM",0,"PM",0
"1257","20:57",20,57,0,"20:45-59","08:57 PM",0,"PM",0
"1258","20:58",20,58,0,"20:45-59","08:58 PM",0,"PM",0
"1259","20:59",20,59,0,"20:45-59","08:59 PM",0,"PM",0
"1260","21:00",21,0,0,"21:00-14","09:00 PM",0,"PM",0
"1261","21:01",21,1,0,"21:00-14","09:01 PM",0,"PM",0
"1262","21:02",21,2,0,"21:00-14","09:02 PM",0,"PM",0
"1263","21:03",21,3,0,"21:00-14","09:03 PM",0,"PM",0
"1264","21:04",21,4,0,"21:00-14","09:04 PM",0,"PM",0
"1265","21:05",21,5,0,"21:00-14","09:05 PM",0,"PM",0
"1266","21:06",21,6,0,"21:00-14","09:06 PM",0,"PM",0
"1267","21:07",21,7,0,"21:00-14","09:07 PM",0,"PM",0
"1268","21:08",21,8,0,"21:00-14","09:08 PM",0,"PM",0
"1269","21:09",21,9,0,"21:00-14","09:09 PM",0,"PM",0
"1270","21:10",21,10,0,"21:00-14","09:10 PM",0,"PM",0
"1271","21:11",21,11,0,"21:00-14","09:11 PM",0,"PM",0
"1272","21:12",21,12,0,"21:00-14","09:12 PM",0,"PM",0
"1273","21:13",21,13,0,"21:00-14","09:13 PM",0,"PM",0
"1274","21:14",21,14,0,"21:00-14","09:14 PM",0,"PM",0
"1275","21:15",21,15,0,"21:15-29","09:15 PM",0,"PM",0
"1276","21:16",21,16,0,"21:15-29","09:16 PM",0,"PM",0
"1277","21:17",21,17,0,"21:15-29","09:17 PM",0,"PM",0
"1278","21:18",21,18,0,"21:15-29","09:18 PM",0,"PM",0
"1279","21:19",21,19,0,"21:15-29","09:19 PM",0,"PM",0
"1280","21:20",21,20,0,"21:15-29","09:20 PM",0,"PM",0
"1281","21:21",21,21,0,"21:15-29","09:21 PM",0,"PM",0
"1282","21:22",21,22,0,"21:15-29","09:22 PM",0,"PM",0
"1283","21:23",21,23,0,"21:15-29","09:23 PM",0,"PM",0
"1284","21:24",21,24,0,"21:15-29","09:24 PM",0,"PM",0
"1285","21:25",21,25,0,"21:15-29","09:25 PM",0,"PM",0
"1286","21:26",21,26,0,"21:15-29","09:26 PM",0,"PM",0
"1287","21:27",21,27,0,"21:15-29","09:27 PM",0,"PM",0
"1288","21:28",21,28,0,"21:15-29","09:28 PM",0,"PM",0
"1289","21:29",21,29,0,"21:15-29","09:29 PM",0,"PM",0
"1290","21:30",21,30,0,"21:30-44","09:30 PM",0,"PM",0
"1291","21:31",21,31,0,"21:30-44","09:31 PM",0,"PM",0
"1292","21:32",21,32,0,"21:30-44","09:32 PM",0,"PM",0
"1293","21:33",21,33,0,"21:30-44","09:33 PM",0,"PM",0
"1294","21:34",21,34,0,"21:30-44","09:34 PM",0,"PM",0
"1295","21:35",21,35,0,"21:30-44","09:35 PM",0,"PM",0
"1296","21:36",21,36,0,"21:30-44","09:36 PM",0,"PM",0
"1297","21:37",21,37,0,"21:30-44","09:37 PM",0,"PM",0
"1298","21:38",21,38,0,"21:30-44","09:38 PM",0,"PM",0
"1299","21:39",21,39,0,"21:30-44","09:39 PM",0,"PM",0
"1300","21:40",21,40,0,"21:30-44","09:40 PM",0,"PM",0
"1301","21:41",21,41,0,"21:30-44","09:41 PM",0,"PM",0
"1302","21:42",21,42,0,"21:30-44","09:42 PM",0,"PM",0
"1303","21:43",21,43,0,"21:30-44","09:43 PM",0,"PM",0
"1304","21:44",21,44,0,"21:30-44","09:44 PM",0,"PM",0
"1305","21:45",21,45,0,"21:45-59","09:45 PM",0,"PM",0
"1306","21:46",21,46,0,"21:45-59","09:46 PM",0,"PM",0
"1307","21:47",21,47,0,"21:45-59","09:47 PM",0,"PM",0
"1308","21:48",21,48,0,"21:45-59","09:48 PM",0,"PM",0
"1309","21:49",21,49,0,"21:45-59","09:49 PM",0,"PM",0
"1310","21:50",21,50,0,"21:45-59","09:50 PM",0,"PM",0
"1311","21:51",21,51,0,"21:45-59","09:51 PM",0,"PM",0
"1312","21:52",21,52,0,"21:45-59","09:52 PM",0,"PM",0
"1313","21:53",21,53,0,"21:45-59","09:53 PM",0,"PM",0
"1314","21:54",21,54,0,"21:45-59","09:54 PM",0,"PM",0
"1315","21:55",21,55,0,"21:45-59","09:55 PM",0,"PM",0
"1316","21:56",21,56,0,"21:45-59","09:56 PM",0,"PM",0
"1317","21:57",21,57,0,"21:45-59","09:57 PM",0,"PM",0
"1318","21:58",21,58,0,"21:45-59","09:58 PM",0,"PM",0
"1319","21:59",21,59,0,"21:45-59","09:59 PM",0,"PM",0
"1320","22:00",22,0,0,"22:00-14","10:00 PM",0,"PM",1
"1321","22:01",22,1,0,"22:00-14","10:01 PM",0,"PM",1
"1322","22:02",22,2,0,"22:00-14","10:02 PM",0,"PM",1
"1323","22:03",22,3,0,"22:00-14","10:03 PM",0,"PM",1
"1324","22:04",22,4,0,"22:00-14","10:04 PM",0,"PM",1
"1325","22:05",22,5,0,"22:00-14","10:05 PM",0,"PM",1
"1326","22:06",22,6,0,"22:00-14","10:06 PM",0,"PM",1
"1327","22:07",22,7,0,"22:00-14","10:07 PM",0,"PM",1
"1328","22:08",22,8,0,"22:00-14","10:08 PM",0,"PM",1
"1329","22:09",22,9,0,"22:00-14","10:09 PM",0,"PM",1
"1330","22:10",22,10,0,"22:00-14","10:10 PM",0,"PM",1
"1331","22:11",22,11,0,"22:00-14","10:11 PM",0,"PM",1
"1332","22:12",22,12,0,"22:00-14","10:12 PM",0,"PM",1
"1333","22:13",22,13,0,"22:00-14","10:13 PM",0,"PM",1
"1334","22:14",22,14,0,"22:00-14","10:14 PM",0,"PM",1
"1335","22:15",22,15,0,"22:15-29","10:15 PM",0,"PM",1
"1336","22:16",22,16,0,"22:15-29","10:16 PM",0,"PM",1

1442 lignes selectionnees.

SQL> SPOOL APPAREIL_DIMENSION.csv;
